test_id,label
0,Forest
1,HerbaceousVegetation
2,SeaLake
3,Residential
4,River
5,AnnualCrop
6,Forest
7,Forest
8,HerbaceousVegetation
9,AnnualCrop
10,Forest
11,Forest
12,Industrial
13,Industrial
14,Forest
15,PermanentCrop
16,Forest
17,River
18,AnnualCrop
19,AnnualCrop
20,HerbaceousVegetation
21,Industrial
22,Forest
23,Forest
24,Industrial
25,Industrial
26,AnnualCrop
27,SeaLake
28,AnnualCrop
29,Industrial
30,SeaLake
31,PermanentCrop
32,River
33,AnnualCrop
34,AnnualCrop
35,AnnualCrop
36,Forest
37,PermanentCrop
38,Forest
39,Forest
40,HerbaceousVegetation
41,Forest
42,River
43,Forest
44,Highway
45,Industrial
46,PermanentCrop
47,Forest
48,River
49,HerbaceousVegetation
50,HerbaceousVegetation
51,AnnualCrop
52,HerbaceousVegetation
53,AnnualCrop
54,Residential
55,PermanentCrop
56,Residential
57,HerbaceousVegetation
58,Forest
59,Industrial
60,Residential
61,AnnualCrop
62,Forest
63,AnnualCrop
64,Forest
65,HerbaceousVegetation
66,Forest
67,Forest
68,Forest
69,Forest
70,Forest
71,HerbaceousVegetation
72,HerbaceousVegetation
73,Forest
74,SeaLake
75,Pasture
76,River
77,SeaLake
78,HerbaceousVegetation
79,Forest
80,PermanentCrop
81,AnnualCrop
82,Forest
83,PermanentCrop
84,Forest
85,Forest
86,Forest
87,AnnualCrop
88,SeaLake
89,Forest
90,SeaLake
91,Forest
92,Forest
93,Forest
94,SeaLake
95,SeaLake
96,River
97,PermanentCrop
98,Residential
99,Industrial
100,Residential
101,Residential
102,HerbaceousVegetation
103,Residential
104,AnnualCrop
105,Residential
106,River
107,River
108,Forest
109,River
110,River
111,River
112,River
113,HerbaceousVegetation
114,HerbaceousVegetation
115,Forest
116,AnnualCrop
117,SeaLake
118,Forest
119,HerbaceousVegetation
120,SeaLake
121,Forest
122,SeaLake
123,Forest
124,River
125,SeaLake
126,Forest
127,HerbaceousVegetation
128,HerbaceousVegetation
129,River
130,River
131,PermanentCrop
132,SeaLake
133,SeaLake
134,PermanentCrop
135,AnnualCrop
136,AnnualCrop
137,Forest
138,River
139,SeaLake
140,AnnualCrop
141,HerbaceousVegetation
142,AnnualCrop
143,Industrial
144,River
145,River
146,Forest
147,AnnualCrop
148,PermanentCrop
149,SeaLake
150,HerbaceousVegetation
151,River
152,Industrial
153,Industrial
154,Industrial
155,Forest
156,Forest
157,Industrial
158,PermanentCrop
159,Residential
160,HerbaceousVegetation
161,HerbaceousVegetation
162,Residential
163,Residential
164,PermanentCrop
165,AnnualCrop
166,PermanentCrop
167,Industrial
168,Highway
169,AnnualCrop
170,River
171,Forest
172,HerbaceousVegetation
173,Forest
174,Industrial
175,Forest
176,HerbaceousVegetation
177,Forest
178,Industrial
179,Residential
180,AnnualCrop
181,Forest
182,Highway
183,AnnualCrop
184,AnnualCrop
185,AnnualCrop
186,Forest
187,Forest
188,Industrial
189,Forest
190,Pasture
191,River
192,Residential
193,Residential
194,Forest
195,HerbaceousVegetation
196,AnnualCrop
197,Industrial
198,River
199,AnnualCrop
200,Residential
201,Forest
202,HerbaceousVegetation
203,Highway
204,River
205,Forest
206,Forest
207,River
208,HerbaceousVegetation
209,Forest
210,SeaLake
211,Forest
212,Industrial
213,SeaLake
214,Highway
215,Forest
216,Forest
217,AnnualCrop
218,SeaLake
219,Forest
220,SeaLake
221,Forest
222,HerbaceousVegetation
223,HerbaceousVegetation
224,Residential
225,Residential
226,Forest
227,River
228,HerbaceousVegetation
229,SeaLake
230,Forest
231,PermanentCrop
232,AnnualCrop
233,AnnualCrop
234,Forest
235,AnnualCrop
236,AnnualCrop
237,Forest
238,HerbaceousVegetation
239,Industrial
240,SeaLake
241,HerbaceousVegetation
242,AnnualCrop
243,SeaLake
244,PermanentCrop
245,PermanentCrop
246,River
247,HerbaceousVegetation
248,Forest
249,SeaLake
250,Forest
251,Forest
252,Industrial
253,Residential
254,Forest
255,HerbaceousVegetation
256,Pasture
257,HerbaceousVegetation
258,AnnualCrop
259,Residential
260,PermanentCrop
261,AnnualCrop
262,Highway
263,Forest
264,River
265,River
266,River
267,Highway
268,HerbaceousVegetation
269,River
270,Forest
271,Forest
272,Forest
273,Residential
274,Forest
275,PermanentCrop
276,SeaLake
277,HerbaceousVegetation
278,Forest
279,Forest
280,Forest
281,Forest
282,AnnualCrop
283,Residential
284,HerbaceousVegetation
285,AnnualCrop
286,River
287,HerbaceousVegetation
288,AnnualCrop
289,Forest
290,Highway
291,Industrial
292,Forest
293,Forest
294,Pasture
295,SeaLake
296,SeaLake
297,Forest
298,SeaLake
299,PermanentCrop
300,Forest
301,Industrial
302,HerbaceousVegetation
303,AnnualCrop
304,Forest
305,HerbaceousVegetation
306,Forest
307,HerbaceousVegetation
308,Industrial
309,Forest
310,Forest
311,PermanentCrop
312,Forest
313,Forest
314,PermanentCrop
315,River
316,Residential
317,Highway
318,Forest
319,PermanentCrop
320,Forest
321,HerbaceousVegetation
322,Forest
323,HerbaceousVegetation
324,Forest
325,Forest
326,River
327,SeaLake
328,Industrial
329,AnnualCrop
330,AnnualCrop
331,AnnualCrop
332,PermanentCrop
333,AnnualCrop
334,AnnualCrop
335,HerbaceousVegetation
336,Forest
337,AnnualCrop
338,PermanentCrop
339,PermanentCrop
340,River
341,HerbaceousVegetation
342,Forest
343,Forest
344,HerbaceousVegetation
345,Forest
346,HerbaceousVegetation
347,HerbaceousVegetation
348,Residential
349,Forest
350,HerbaceousVegetation
351,HerbaceousVegetation
352,AnnualCrop
353,Forest
354,Residential
355,HerbaceousVegetation
356,HerbaceousVegetation
357,Forest
358,Forest
359,PermanentCrop
360,Forest
361,Highway
362,Forest
363,SeaLake
364,PermanentCrop
365,HerbaceousVegetation
366,AnnualCrop
367,Industrial
368,PermanentCrop
369,Forest
370,AnnualCrop
371,Forest
372,River
373,Residential
374,Forest
375,Highway
376,Forest
377,Forest
378,SeaLake
379,Industrial
380,Forest
381,HerbaceousVegetation
382,Forest
383,PermanentCrop
384,PermanentCrop
385,Forest
386,Forest
387,PermanentCrop
388,Residential
389,Industrial
390,Forest
391,Forest
392,River
393,Highway
394,PermanentCrop
395,River
396,Forest
397,HerbaceousVegetation
398,Forest
399,PermanentCrop
400,AnnualCrop
401,River
402,HerbaceousVegetation
403,PermanentCrop
404,Forest
405,River
406,AnnualCrop
407,Residential
408,PermanentCrop
409,SeaLake
410,Residential
411,Residential
412,Residential
413,PermanentCrop
414,HerbaceousVegetation
415,AnnualCrop
416,Residential
417,PermanentCrop
418,Industrial
419,Pasture
420,AnnualCrop
421,AnnualCrop
422,Industrial
423,Industrial
424,HerbaceousVegetation
425,Pasture
426,AnnualCrop
427,River
428,AnnualCrop
429,Residential
430,Forest
431,Industrial
432,Pasture
433,Forest
434,River
435,SeaLake
436,Residential
437,HerbaceousVegetation
438,Forest
439,River
440,Forest
441,Forest
442,Forest
443,Forest
444,River
445,Residential
446,Industrial
447,AnnualCrop
448,Forest
449,Pasture
450,AnnualCrop
451,Forest
452,Forest
453,AnnualCrop
454,Residential
455,SeaLake
456,Forest
457,Residential
458,HerbaceousVegetation
459,Residential
460,Industrial
461,PermanentCrop
462,Forest
463,Forest
464,PermanentCrop
465,Forest
466,Forest
467,SeaLake
468,AnnualCrop
469,HerbaceousVegetation
470,PermanentCrop
471,HerbaceousVegetation
472,HerbaceousVegetation
473,Forest
474,PermanentCrop
475,Residential
476,SeaLake
477,Industrial
478,Forest
479,PermanentCrop
480,Forest
481,Forest
482,Forest
483,Industrial
484,PermanentCrop
485,Residential
486,Forest
487,AnnualCrop
488,River
489,HerbaceousVegetation
490,HerbaceousVegetation
491,PermanentCrop
492,River
493,SeaLake
494,Highway
495,Forest
496,Residential
497,Highway
498,AnnualCrop
499,SeaLake
500,HerbaceousVegetation
501,AnnualCrop
502,Forest
503,Forest
504,AnnualCrop
505,Industrial
506,Forest
507,Residential
508,PermanentCrop
509,AnnualCrop
510,Industrial
511,HerbaceousVegetation
512,Forest
513,AnnualCrop
514,River
515,AnnualCrop
516,River
517,Residential
518,Residential
519,PermanentCrop
520,Industrial
521,HerbaceousVegetation
522,AnnualCrop
523,Highway
524,Pasture
525,PermanentCrop
526,Forest
527,River
528,Forest
529,HerbaceousVegetation
530,Forest
531,Forest
532,Industrial
533,PermanentCrop
534,Residential
535,Residential
536,AnnualCrop
537,Forest
538,Forest
539,River
540,AnnualCrop
541,AnnualCrop
542,Residential
543,River
544,AnnualCrop
545,Forest
546,Forest
547,AnnualCrop
548,Industrial
549,HerbaceousVegetation
550,PermanentCrop
551,PermanentCrop
552,River
553,PermanentCrop
554,Forest
555,AnnualCrop
556,Forest
557,Forest
558,PermanentCrop
559,AnnualCrop
560,Forest
561,River
562,Residential
563,Residential
564,Industrial
565,AnnualCrop
566,River
567,HerbaceousVegetation
568,AnnualCrop
569,Forest
570,HerbaceousVegetation
571,Forest
572,AnnualCrop
573,PermanentCrop
574,River
575,Forest
576,Forest
577,Residential
578,Forest
579,AnnualCrop
580,PermanentCrop
581,SeaLake
582,Residential
583,SeaLake
584,Forest
585,AnnualCrop
586,PermanentCrop
587,HerbaceousVegetation
588,AnnualCrop
589,Residential
590,AnnualCrop
591,AnnualCrop
592,AnnualCrop
593,Forest
594,Forest
595,HerbaceousVegetation
596,Forest
597,Forest
598,Residential
599,Highway
600,Forest
601,Forest
602,Residential
603,AnnualCrop
604,River
605,Industrial
606,Forest
607,HerbaceousVegetation
608,Forest
609,River
610,AnnualCrop
611,SeaLake
612,River
613,PermanentCrop
614,Forest
615,Highway
616,AnnualCrop
617,PermanentCrop
618,Residential
619,Forest
620,Forest
621,HerbaceousVegetation
622,SeaLake
623,PermanentCrop
624,Forest
625,Forest
626,AnnualCrop
627,PermanentCrop
628,Industrial
629,Forest
630,Forest
631,AnnualCrop
632,AnnualCrop
633,Highway
634,SeaLake
635,Forest
636,SeaLake
637,HerbaceousVegetation
638,Highway
639,Industrial
640,Residential
641,Forest
642,Forest
643,HerbaceousVegetation
644,SeaLake
645,Forest
646,AnnualCrop
647,Forest
648,AnnualCrop
649,SeaLake
650,Forest
651,AnnualCrop
652,River
653,River
654,HerbaceousVegetation
655,PermanentCrop
656,PermanentCrop
657,AnnualCrop
658,Forest
659,AnnualCrop
660,River
661,Forest
662,AnnualCrop
663,AnnualCrop
664,HerbaceousVegetation
665,PermanentCrop
666,Highway
667,Forest
668,AnnualCrop
669,HerbaceousVegetation
670,Residential
671,Residential
672,SeaLake
673,AnnualCrop
674,River
675,Forest
676,AnnualCrop
677,Industrial
678,AnnualCrop
679,Highway
680,Highway
681,SeaLake
682,River
683,PermanentCrop
684,Residential
685,Forest
686,AnnualCrop
687,Residential
688,Forest
689,HerbaceousVegetation
690,SeaLake
691,PermanentCrop
692,Forest
693,Forest
694,River
695,Forest
696,PermanentCrop
697,AnnualCrop
698,HerbaceousVegetation
699,HerbaceousVegetation
700,AnnualCrop
701,HerbaceousVegetation
702,HerbaceousVegetation
703,AnnualCrop
704,AnnualCrop
705,HerbaceousVegetation
706,HerbaceousVegetation
707,Pasture
708,River
709,Forest
710,HerbaceousVegetation
711,Highway
712,Industrial
713,HerbaceousVegetation
714,PermanentCrop
715,Forest
716,PermanentCrop
717,HerbaceousVegetation
718,HerbaceousVegetation
719,PermanentCrop
720,AnnualCrop
721,PermanentCrop
722,Residential
723,Pasture
724,PermanentCrop
725,PermanentCrop
726,Forest
727,SeaLake
728,Forest
729,Forest
730,HerbaceousVegetation
731,PermanentCrop
732,AnnualCrop
733,Residential
734,HerbaceousVegetation
735,Forest
736,Industrial
737,Residential
738,AnnualCrop
739,AnnualCrop
740,Highway
741,Residential
742,Forest
743,Forest
744,HerbaceousVegetation
745,Residential
746,Forest
747,HerbaceousVegetation
748,Industrial
749,SeaLake
750,Forest
751,PermanentCrop
752,River
753,Residential
754,HerbaceousVegetation
755,Forest
756,Forest
757,SeaLake
758,Industrial
759,PermanentCrop
760,Pasture
761,Residential
762,Industrial
763,SeaLake
764,HerbaceousVegetation
765,HerbaceousVegetation
766,HerbaceousVegetation
767,Forest
768,AnnualCrop
769,River
770,Forest
771,AnnualCrop
772,SeaLake
773,Forest
774,Forest
775,PermanentCrop
776,River
777,Forest
778,SeaLake
779,Industrial
780,HerbaceousVegetation
781,Forest
782,SeaLake
783,PermanentCrop
784,Residential
785,Forest
786,HerbaceousVegetation
787,AnnualCrop
788,HerbaceousVegetation
789,Industrial
790,PermanentCrop
791,Forest
792,Industrial
793,HerbaceousVegetation
794,Residential
795,HerbaceousVegetation
796,HerbaceousVegetation
797,Forest
798,Forest
799,River
800,SeaLake
801,HerbaceousVegetation
802,Forest
803,Industrial
804,Industrial
805,AnnualCrop
806,HerbaceousVegetation
807,River
808,Residential
809,AnnualCrop
810,Industrial
811,Forest
812,AnnualCrop
813,Industrial
814,Forest
815,Forest
816,Forest
817,SeaLake
818,Industrial
819,Residential
820,Highway
821,PermanentCrop
822,Forest
823,PermanentCrop
824,Forest
825,HerbaceousVegetation
826,AnnualCrop
827,SeaLake
828,Forest
829,River
830,Residential
831,Forest
832,River
833,AnnualCrop
834,Residential
835,AnnualCrop
836,Industrial
837,Industrial
838,HerbaceousVegetation
839,Residential
840,Forest
841,Forest
842,Forest
843,Industrial
844,SeaLake
845,Forest
846,Forest
847,Industrial
848,River
849,Residential
850,HerbaceousVegetation
851,Industrial
852,HerbaceousVegetation
853,Forest
854,Residential
855,Industrial
856,HerbaceousVegetation
857,AnnualCrop
858,Industrial
859,Industrial
860,SeaLake
861,PermanentCrop
862,Pasture
863,AnnualCrop
864,AnnualCrop
865,Forest
866,AnnualCrop
867,Forest
868,PermanentCrop
869,Forest
870,AnnualCrop
871,Residential
872,HerbaceousVegetation
873,River
874,AnnualCrop
875,SeaLake
876,Forest
877,AnnualCrop
878,Pasture
879,PermanentCrop
880,PermanentCrop
881,AnnualCrop
882,Industrial
883,PermanentCrop
884,Forest
885,PermanentCrop
886,HerbaceousVegetation
887,Forest
888,River
889,Forest
890,HerbaceousVegetation
891,SeaLake
892,PermanentCrop
893,Forest
894,PermanentCrop
895,AnnualCrop
896,Industrial
897,Industrial
898,Forest
899,Forest
900,PermanentCrop
901,SeaLake
902,HerbaceousVegetation
903,River
904,Industrial
905,Residential
906,AnnualCrop
907,Forest
908,AnnualCrop
909,Highway
910,Forest
911,Forest
912,HerbaceousVegetation
913,Industrial
914,PermanentCrop
915,PermanentCrop
916,Forest
917,Forest
918,River
919,Forest
920,Forest
921,Residential
922,River
923,SeaLake
924,AnnualCrop
925,PermanentCrop
926,AnnualCrop
927,Residential
928,PermanentCrop
929,Forest
930,Highway
931,Forest
932,Highway
933,AnnualCrop
934,Forest
935,SeaLake
936,HerbaceousVegetation
937,AnnualCrop
938,Forest
939,Forest
940,Industrial
941,Industrial
942,Forest
943,AnnualCrop
944,HerbaceousVegetation
945,Industrial
946,HerbaceousVegetation
947,Highway
948,Forest
949,Forest
950,HerbaceousVegetation
951,HerbaceousVegetation
952,Forest
953,AnnualCrop
954,AnnualCrop
955,Industrial
956,Forest
957,AnnualCrop
958,Industrial
959,AnnualCrop
960,Forest
961,Forest
962,Industrial
963,PermanentCrop
964,Forest
965,HerbaceousVegetation
966,HerbaceousVegetation
967,HerbaceousVegetation
968,Highway
969,Residential
970,Residential
971,Forest
972,River
973,AnnualCrop
974,River
975,Residential
976,Forest
977,HerbaceousVegetation
978,Forest
979,SeaLake
980,AnnualCrop
981,AnnualCrop
982,PermanentCrop
983,River
984,HerbaceousVegetation
985,AnnualCrop
986,Forest
987,PermanentCrop
988,PermanentCrop
989,PermanentCrop
990,HerbaceousVegetation
991,Forest
992,Forest
993,Forest
994,Forest
995,Residential
996,SeaLake
997,Highway
998,AnnualCrop
999,Forest
1000,Industrial
1001,Residential
1002,AnnualCrop
1003,HerbaceousVegetation
1004,Forest
1005,Forest
1006,Forest
1007,River
1008,PermanentCrop
1009,HerbaceousVegetation
1010,PermanentCrop
1011,Highway
1012,HerbaceousVegetation
1013,Forest
1014,Residential
1015,Forest
1016,PermanentCrop
1017,AnnualCrop
1018,River
1019,Industrial
1020,Industrial
1021,PermanentCrop
1022,HerbaceousVegetation
1023,Residential
1024,AnnualCrop
1025,Residential
1026,AnnualCrop
1027,PermanentCrop
1028,Forest
1029,Industrial
1030,Residential
1031,River
1032,SeaLake
1033,Forest
1034,Forest
1035,HerbaceousVegetation
1036,Forest
1037,Forest
1038,Residential
1039,AnnualCrop
1040,HerbaceousVegetation
1041,Forest
1042,Industrial
1043,AnnualCrop
1044,River
1045,Residential
1046,Forest
1047,SeaLake
1048,AnnualCrop
1049,PermanentCrop
1050,Forest
1051,AnnualCrop
1052,PermanentCrop
1053,AnnualCrop
1054,Forest
1055,HerbaceousVegetation
1056,AnnualCrop
1057,Forest
1058,Residential
1059,AnnualCrop
1060,AnnualCrop
1061,River
1062,Forest
1063,Residential
1064,River
1065,River
1066,River
1067,SeaLake
1068,HerbaceousVegetation
1069,Forest
1070,Pasture
1071,HerbaceousVegetation
1072,Industrial
1073,HerbaceousVegetation
1074,Forest
1075,Industrial
1076,Residential
1077,Forest
1078,PermanentCrop
1079,Industrial
1080,Industrial
1081,HerbaceousVegetation
1082,AnnualCrop
1083,SeaLake
1084,Pasture
1085,River
1086,AnnualCrop
1087,PermanentCrop
1088,Residential
1089,River
1090,HerbaceousVegetation
1091,Residential
1092,AnnualCrop
1093,Industrial
1094,SeaLake
1095,River
1096,Forest
1097,Forest
1098,HerbaceousVegetation
1099,Industrial
1100,Forest
1101,SeaLake
1102,Industrial
1103,HerbaceousVegetation
1104,River
1105,Forest
1106,SeaLake
1107,PermanentCrop
1108,Forest
1109,Highway
1110,AnnualCrop
1111,HerbaceousVegetation
1112,River
1113,River
1114,PermanentCrop
1115,River
1116,Highway
1117,Highway
1118,AnnualCrop
1119,HerbaceousVegetation
1120,AnnualCrop
1121,River
1122,PermanentCrop
1123,AnnualCrop
1124,Residential
1125,Industrial
1126,Industrial
1127,AnnualCrop
1128,Industrial
1129,Pasture
1130,HerbaceousVegetation
1131,Forest
1132,AnnualCrop
1133,SeaLake
1134,Highway
1135,Residential
1136,Industrial
1137,Highway
1138,SeaLake
1139,PermanentCrop
1140,Industrial
1141,Forest
1142,AnnualCrop
1143,Forest
1144,River
1145,HerbaceousVegetation
1146,SeaLake
1147,HerbaceousVegetation
1148,HerbaceousVegetation
1149,PermanentCrop
1150,HerbaceousVegetation
1151,HerbaceousVegetation
1152,Industrial
1153,Forest
1154,AnnualCrop
1155,HerbaceousVegetation
1156,River
1157,SeaLake
1158,Forest
1159,HerbaceousVegetation
1160,AnnualCrop
1161,Industrial
1162,PermanentCrop
1163,HerbaceousVegetation
1164,PermanentCrop
1165,Highway
1166,Highway
1167,Residential
1168,Residential
1169,SeaLake
1170,AnnualCrop
1171,AnnualCrop
1172,Forest
1173,HerbaceousVegetation
1174,AnnualCrop
1175,PermanentCrop
1176,SeaLake
1177,Residential
1178,Industrial
1179,HerbaceousVegetation
1180,Highway
1181,River
1182,River
1183,Forest
1184,Forest
1185,AnnualCrop
1186,Residential
1187,AnnualCrop
1188,Residential
1189,Forest
1190,Residential
1191,Forest
1192,Highway
1193,SeaLake
1194,AnnualCrop
1195,Industrial
1196,Forest
1197,Forest
1198,PermanentCrop
1199,SeaLake
1200,Forest
1201,PermanentCrop
1202,Forest
1203,PermanentCrop
1204,SeaLake
1205,SeaLake
1206,River
1207,PermanentCrop
1208,PermanentCrop
1209,AnnualCrop
1210,HerbaceousVegetation
1211,River
1212,PermanentCrop
1213,Residential
1214,River
1215,Industrial
1216,HerbaceousVegetation
1217,Forest
1218,Residential
1219,PermanentCrop
1220,PermanentCrop
1221,Residential
1222,Industrial
1223,Forest
1224,Forest
1225,Forest
1226,PermanentCrop
1227,HerbaceousVegetation
1228,PermanentCrop
1229,Forest
1230,HerbaceousVegetation
1231,HerbaceousVegetation
1232,Forest
1233,HerbaceousVegetation
1234,River
1235,River
1236,HerbaceousVegetation
1237,AnnualCrop
1238,Forest
1239,HerbaceousVegetation
1240,SeaLake
1241,Forest
1242,PermanentCrop
1243,River
1244,Forest
1245,Residential
1246,Forest
1247,Residential
1248,River
1249,River
1250,Highway
1251,Residential
1252,PermanentCrop
1253,Forest
1254,AnnualCrop
1255,River
1256,Forest
1257,AnnualCrop
1258,Industrial
1259,SeaLake
1260,River
1261,Pasture
1262,AnnualCrop
1263,Industrial
1264,SeaLake
1265,River
1266,PermanentCrop
1267,HerbaceousVegetation
1268,AnnualCrop
1269,PermanentCrop
1270,River
1271,PermanentCrop
1272,Industrial
1273,PermanentCrop
1274,River
1275,AnnualCrop
1276,AnnualCrop
1277,SeaLake
1278,HerbaceousVegetation
1279,Forest
1280,AnnualCrop
1281,Forest
1282,Residential
1283,Residential
1284,River
1285,Forest
1286,HerbaceousVegetation
1287,PermanentCrop
1288,River
1289,Residential
1290,Highway
1291,Residential
1292,Forest
1293,Forest
1294,Forest
1295,Residential
1296,Industrial
1297,Residential
1298,Industrial
1299,Forest
1300,PermanentCrop
1301,Forest
1302,HerbaceousVegetation
1303,Residential
1304,Residential
1305,HerbaceousVegetation
1306,HerbaceousVegetation
1307,AnnualCrop
1308,River
1309,SeaLake
1310,HerbaceousVegetation
1311,Forest
1312,SeaLake
1313,Industrial
1314,Residential
1315,Industrial
1316,PermanentCrop
1317,AnnualCrop
1318,Highway
1319,Forest
1320,Highway
1321,Forest
1322,Forest
1323,Forest
1324,HerbaceousVegetation
1325,Industrial
1326,Industrial
1327,Forest
1328,River
1329,Residential
1330,Forest
1331,Forest
1332,Forest
1333,Forest
1334,PermanentCrop
1335,Residential
1336,AnnualCrop
1337,PermanentCrop
1338,AnnualCrop
1339,Highway
1340,River
1341,Forest
1342,Forest
1343,HerbaceousVegetation
1344,Residential
1345,Forest
1346,Residential
1347,PermanentCrop
1348,HerbaceousVegetation
1349,Residential
1350,PermanentCrop
1351,Forest
1352,AnnualCrop
1353,Industrial
1354,Industrial
1355,PermanentCrop
1356,Forest
1357,HerbaceousVegetation
1358,River
1359,AnnualCrop
1360,Residential
1361,Forest
1362,Forest
1363,Forest
1364,PermanentCrop
1365,SeaLake
1366,AnnualCrop
1367,AnnualCrop
1368,HerbaceousVegetation
1369,Forest
1370,AnnualCrop
1371,Industrial
1372,HerbaceousVegetation
1373,River
1374,River
1375,AnnualCrop
1376,Industrial
1377,SeaLake
1378,AnnualCrop
1379,Industrial
1380,Forest
1381,Residential
1382,PermanentCrop
1383,Pasture
1384,Industrial
1385,AnnualCrop
1386,AnnualCrop
1387,Forest
1388,HerbaceousVegetation
1389,River
1390,AnnualCrop
1391,Forest
1392,SeaLake
1393,Forest
1394,Highway
1395,HerbaceousVegetation
1396,Forest
1397,AnnualCrop
1398,Industrial
1399,Highway
1400,PermanentCrop
1401,PermanentCrop
1402,PermanentCrop
1403,Residential
1404,River
1405,HerbaceousVegetation
1406,AnnualCrop
1407,PermanentCrop
1408,Forest
1409,AnnualCrop
1410,Industrial
1411,Forest
1412,Highway
1413,HerbaceousVegetation
1414,Industrial
1415,Pasture
1416,AnnualCrop
1417,AnnualCrop
1418,Residential
1419,AnnualCrop
1420,Industrial
1421,Highway
1422,AnnualCrop
1423,Forest
1424,PermanentCrop
1425,Forest
1426,AnnualCrop
1427,Industrial
1428,Forest
1429,Forest
1430,AnnualCrop
1431,Forest
1432,HerbaceousVegetation
1433,Forest
1434,PermanentCrop
1435,Pasture
1436,River
1437,Industrial
1438,Forest
1439,River
1440,Industrial
1441,Highway
1442,Forest
1443,River
1444,Pasture
1445,AnnualCrop
1446,River
1447,PermanentCrop
1448,Industrial
1449,River
1450,Residential
1451,Industrial
1452,PermanentCrop
1453,HerbaceousVegetation
1454,Forest
1455,PermanentCrop
1456,Industrial
1457,AnnualCrop
1458,SeaLake
1459,HerbaceousVegetation
1460,PermanentCrop
1461,Residential
1462,Forest
1463,Industrial
1464,SeaLake
1465,Industrial
1466,Residential
1467,Forest
1468,AnnualCrop
1469,Forest
1470,Forest
1471,Forest
1472,Industrial
1473,Highway
1474,AnnualCrop
1475,Industrial
1476,HerbaceousVegetation
1477,Residential
1478,AnnualCrop
1479,AnnualCrop
1480,Residential
1481,Forest
1482,Forest
1483,Forest
1484,HerbaceousVegetation
1485,HerbaceousVegetation
1486,Industrial
1487,Forest
1488,Industrial
1489,SeaLake
1490,Highway
1491,AnnualCrop
1492,HerbaceousVegetation
1493,HerbaceousVegetation
1494,Industrial
1495,Forest
1496,AnnualCrop
1497,Forest
1498,Industrial
1499,Forest
1500,AnnualCrop
1501,SeaLake
1502,Industrial
1503,Highway
1504,Forest
1505,PermanentCrop
1506,Forest
1507,AnnualCrop
1508,Forest
1509,Forest
1510,PermanentCrop
1511,Highway
1512,AnnualCrop
1513,AnnualCrop
1514,Pasture
1515,Industrial
1516,HerbaceousVegetation
1517,Forest
1518,PermanentCrop
1519,Industrial
1520,Forest
1521,Industrial
1522,Industrial
1523,Forest
1524,AnnualCrop
1525,River
1526,River
1527,Industrial
1528,AnnualCrop
1529,Pasture
1530,Forest
1531,PermanentCrop
1532,Forest
1533,Forest
1534,SeaLake
1535,Forest
1536,Industrial
1537,Forest
1538,Forest
1539,HerbaceousVegetation
1540,Residential
1541,HerbaceousVegetation
1542,Forest
1543,Forest
1544,AnnualCrop
1545,Forest
1546,Forest
1547,HerbaceousVegetation
1548,HerbaceousVegetation
1549,AnnualCrop
1550,Forest
1551,HerbaceousVegetation
1552,Residential
1553,PermanentCrop
1554,Forest
1555,River
1556,AnnualCrop
1557,Forest
1558,AnnualCrop
1559,SeaLake
1560,PermanentCrop
1561,AnnualCrop
1562,Forest
1563,HerbaceousVegetation
1564,River
1565,Highway
1566,PermanentCrop
1567,Highway
1568,Industrial
1569,HerbaceousVegetation
1570,Forest
1571,Residential
1572,PermanentCrop
1573,AnnualCrop
1574,Industrial
1575,Forest
1576,Industrial
1577,Forest
1578,SeaLake
1579,AnnualCrop
1580,AnnualCrop
1581,SeaLake
1582,Forest
1583,PermanentCrop
1584,AnnualCrop
1585,Forest
1586,River
1587,Forest
1588,Forest
1589,Forest
1590,Forest
1591,HerbaceousVegetation
1592,AnnualCrop
1593,SeaLake
1594,Highway
1595,PermanentCrop
1596,Industrial
1597,Residential
1598,Industrial
1599,HerbaceousVegetation
1600,Highway
1601,SeaLake
1602,Residential
1603,Residential
1604,Forest
1605,Forest
1606,PermanentCrop
1607,Forest
1608,AnnualCrop
1609,HerbaceousVegetation
1610,AnnualCrop
1611,PermanentCrop
1612,HerbaceousVegetation
1613,AnnualCrop
1614,Industrial
1615,Forest
1616,Industrial
1617,Highway
1618,Forest
1619,Highway
1620,Forest
1621,River
1622,Industrial
1623,Forest
1624,River
1625,Forest
1626,HerbaceousVegetation
1627,PermanentCrop
1628,HerbaceousVegetation
1629,Forest
1630,PermanentCrop
1631,Forest
1632,HerbaceousVegetation
1633,Forest
1634,AnnualCrop
1635,River
1636,Residential
1637,AnnualCrop
1638,Forest
1639,AnnualCrop
1640,AnnualCrop
1641,SeaLake
1642,Forest
1643,Forest
1644,HerbaceousVegetation
1645,PermanentCrop
1646,Highway
1647,HerbaceousVegetation
1648,Forest
1649,HerbaceousVegetation
1650,PermanentCrop
1651,HerbaceousVegetation
1652,Forest
1653,Residential
1654,Residential
1655,AnnualCrop
1656,Forest
1657,Highway
1658,AnnualCrop
1659,Industrial
1660,Highway
1661,River
1662,HerbaceousVegetation
1663,PermanentCrop
1664,Forest
1665,Residential
1666,Industrial
1667,Forest
1668,AnnualCrop
1669,River
1670,HerbaceousVegetation
1671,Residential
1672,Forest
1673,Industrial
1674,Highway
1675,Industrial
1676,AnnualCrop
1677,Forest
1678,River
1679,PermanentCrop
1680,HerbaceousVegetation
1681,Industrial
1682,Forest
1683,Forest
1684,PermanentCrop
1685,Pasture
1686,Residential
1687,Highway
1688,Industrial
1689,AnnualCrop
1690,Pasture
1691,River
1692,PermanentCrop
1693,Forest
1694,Forest
1695,AnnualCrop
1696,River
1697,AnnualCrop
1698,PermanentCrop
1699,Highway
1700,Industrial
1701,Industrial
1702,AnnualCrop
1703,Forest
1704,Forest
1705,Forest
1706,HerbaceousVegetation
1707,Industrial
1708,Forest
1709,AnnualCrop
1710,River
1711,AnnualCrop
1712,Forest
1713,Forest
1714,Forest
1715,PermanentCrop
1716,Highway
1717,River
1718,Residential
1719,AnnualCrop
1720,Forest
1721,Forest
1722,HerbaceousVegetation
1723,Forest
1724,Highway
1725,Residential
1726,AnnualCrop
1727,SeaLake
1728,AnnualCrop
1729,River
1730,River
1731,Forest
1732,HerbaceousVegetation
1733,HerbaceousVegetation
1734,HerbaceousVegetation
1735,HerbaceousVegetation
1736,Industrial
1737,Industrial
1738,AnnualCrop
1739,AnnualCrop
1740,PermanentCrop
1741,Forest
1742,HerbaceousVegetation
1743,PermanentCrop
1744,Forest
1745,AnnualCrop
1746,HerbaceousVegetation
1747,Forest
1748,HerbaceousVegetation
1749,River
1750,Forest
1751,Highway
1752,Residential
1753,Forest
1754,HerbaceousVegetation
1755,AnnualCrop
1756,PermanentCrop
1757,Forest
1758,River
1759,Industrial
1760,SeaLake
1761,River
1762,PermanentCrop
1763,Residential
1764,River
1765,HerbaceousVegetation
1766,AnnualCrop
1767,SeaLake
1768,AnnualCrop
1769,HerbaceousVegetation
1770,Highway
1771,AnnualCrop
1772,Forest
1773,Residential
1774,AnnualCrop
1775,Forest
1776,PermanentCrop
1777,HerbaceousVegetation
1778,HerbaceousVegetation
1779,HerbaceousVegetation
1780,Forest
1781,Highway
1782,HerbaceousVegetation
1783,HerbaceousVegetation
1784,PermanentCrop
1785,HerbaceousVegetation
1786,Pasture
1787,Forest
1788,Industrial
1789,Highway
1790,Residential
1791,Forest
1792,River
1793,Forest
1794,River
1795,Forest
1796,Forest
1797,Industrial
1798,River
1799,River
1800,SeaLake
1801,HerbaceousVegetation
1802,Forest
1803,River
1804,Residential
1805,Industrial
1806,HerbaceousVegetation
1807,PermanentCrop
1808,AnnualCrop
1809,HerbaceousVegetation
1810,Forest
1811,PermanentCrop
1812,Forest
1813,Industrial
1814,PermanentCrop
1815,Residential
1816,PermanentCrop
1817,Highway
1818,AnnualCrop
1819,Forest
1820,Highway
1821,Industrial
1822,Forest
1823,Residential
1824,HerbaceousVegetation
1825,HerbaceousVegetation
1826,SeaLake
1827,Highway
1828,HerbaceousVegetation
1829,HerbaceousVegetation
1830,Forest
1831,Residential
1832,HerbaceousVegetation
1833,Forest
1834,Industrial
1835,HerbaceousVegetation
1836,Forest
1837,Highway
1838,Forest
1839,PermanentCrop
1840,AnnualCrop
1841,PermanentCrop
1842,HerbaceousVegetation
1843,Forest
1844,PermanentCrop
1845,PermanentCrop
1846,HerbaceousVegetation
1847,River
1848,River
1849,Industrial
1850,HerbaceousVegetation
1851,Residential
1852,HerbaceousVegetation
1853,Highway
1854,Highway
1855,Forest
1856,Forest
1857,HerbaceousVegetation
1858,Pasture
1859,Residential
1860,Highway
1861,Forest
1862,Residential
1863,HerbaceousVegetation
1864,River
1865,HerbaceousVegetation
1866,River
1867,AnnualCrop
1868,SeaLake
1869,Forest
1870,Residential
1871,AnnualCrop
1872,Industrial
1873,River
1874,AnnualCrop
1875,AnnualCrop
1876,River
1877,River
1878,Forest
1879,Residential
1880,River
1881,HerbaceousVegetation
1882,River
1883,River
1884,Forest
1885,SeaLake
1886,River
1887,Forest
1888,Residential
1889,Forest
1890,River
1891,Residential
1892,PermanentCrop
1893,Forest
1894,Forest
1895,PermanentCrop
1896,HerbaceousVegetation
1897,River
1898,Forest
1899,Industrial
1900,Forest
1901,AnnualCrop
1902,SeaLake
1903,Forest
1904,AnnualCrop
1905,PermanentCrop
1906,Forest
1907,Residential
1908,Residential
1909,Forest
1910,SeaLake
1911,HerbaceousVegetation
1912,AnnualCrop
1913,SeaLake
1914,Industrial
1915,SeaLake
1916,Forest
1917,AnnualCrop
1918,Residential
1919,HerbaceousVegetation
1920,Industrial
1921,Forest
1922,AnnualCrop
1923,Forest
1924,Industrial
1925,Forest
1926,Residential
1927,Highway
1928,Highway
1929,Forest
1930,AnnualCrop
1931,AnnualCrop
1932,Forest
1933,Forest
1934,HerbaceousVegetation
1935,PermanentCrop
1936,AnnualCrop
1937,HerbaceousVegetation
1938,River
1939,PermanentCrop
1940,Residential
1941,Forest
1942,PermanentCrop
1943,Forest
1944,Forest
1945,Industrial
1946,River
1947,Residential
1948,HerbaceousVegetation
1949,Forest
1950,Industrial
1951,Industrial
1952,River
1953,HerbaceousVegetation
1954,AnnualCrop
1955,HerbaceousVegetation
1956,Forest
1957,Highway
1958,Industrial
1959,HerbaceousVegetation
1960,Forest
1961,AnnualCrop
1962,AnnualCrop
1963,HerbaceousVegetation
1964,River
1965,AnnualCrop
1966,Residential
1967,Industrial
1968,Forest
1969,AnnualCrop
1970,AnnualCrop
1971,PermanentCrop
1972,PermanentCrop
1973,River
1974,HerbaceousVegetation
1975,Highway
1976,HerbaceousVegetation
1977,PermanentCrop
1978,HerbaceousVegetation
1979,Pasture
1980,AnnualCrop
1981,PermanentCrop
1982,Forest
1983,Forest
1984,PermanentCrop
1985,Forest
1986,HerbaceousVegetation
1987,Highway
1988,Residential
1989,Industrial
1990,HerbaceousVegetation
1991,Forest
1992,Forest
1993,SeaLake
1994,Highway
1995,AnnualCrop
1996,Industrial
1997,Industrial
1998,PermanentCrop
1999,SeaLake
2000,Highway
2001,PermanentCrop
2002,Residential
2003,AnnualCrop
2004,PermanentCrop
2005,HerbaceousVegetation
2006,AnnualCrop
2007,SeaLake
2008,AnnualCrop
2009,Forest
2010,Forest
2011,SeaLake
2012,River
2013,Residential
2014,Forest
2015,PermanentCrop
2016,Industrial
2017,River
2018,PermanentCrop
2019,River
2020,AnnualCrop
2021,Forest
2022,River
2023,Forest
2024,River
2025,River
2026,Forest
2027,Forest
2028,Residential
2029,Residential
2030,HerbaceousVegetation
2031,Highway
2032,Forest
2033,Forest
2034,HerbaceousVegetation
2035,AnnualCrop
2036,AnnualCrop
2037,Forest
2038,Forest
2039,SeaLake
2040,AnnualCrop
2041,AnnualCrop
2042,River
2043,Forest
2044,Forest
2045,HerbaceousVegetation
2046,Forest
2047,AnnualCrop
2048,AnnualCrop
2049,PermanentCrop
2050,Highway
2051,Residential
2052,Forest
2053,SeaLake
2054,Forest
2055,HerbaceousVegetation
2056,Residential
2057,River
2058,Industrial
2059,AnnualCrop
2060,Highway
2061,Forest
2062,Pasture
2063,Industrial
2064,Forest
2065,Forest
2066,Residential
2067,Forest
2068,River
2069,River
2070,Highway
2071,PermanentCrop
2072,PermanentCrop
2073,AnnualCrop
2074,Forest
2075,Industrial
2076,Industrial
2077,HerbaceousVegetation
2078,Forest
2079,Forest
2080,HerbaceousVegetation
2081,HerbaceousVegetation
2082,AnnualCrop
2083,PermanentCrop
2084,Residential
2085,HerbaceousVegetation
2086,PermanentCrop
2087,Residential
2088,Forest
2089,Forest
2090,PermanentCrop
2091,Forest
2092,AnnualCrop
2093,Industrial
2094,Forest
2095,Residential
2096,PermanentCrop
2097,Forest
2098,HerbaceousVegetation
2099,River
2100,River
2101,Highway
2102,Highway
2103,AnnualCrop
2104,Forest
2105,PermanentCrop
2106,AnnualCrop
2107,Forest
2108,AnnualCrop
2109,Forest
2110,Industrial
2111,Highway
2112,Forest
2113,SeaLake
2114,River
2115,Industrial
2116,AnnualCrop
2117,River
2118,Residential
2119,Forest
2120,Residential
2121,River
2122,Residential
2123,HerbaceousVegetation
2124,HerbaceousVegetation
2125,Pasture
2126,Forest
2127,Industrial
2128,Forest
2129,Industrial
2130,Forest
2131,AnnualCrop
2132,Residential
2133,Forest
2134,Industrial
2135,AnnualCrop
2136,HerbaceousVegetation
2137,Highway
2138,Forest
2139,AnnualCrop
2140,AnnualCrop
2141,HerbaceousVegetation
2142,River
2143,Pasture
2144,PermanentCrop
2145,Forest
2146,PermanentCrop
2147,AnnualCrop
2148,Industrial
2149,HerbaceousVegetation
2150,Industrial
2151,Forest
2152,HerbaceousVegetation
2153,River
2154,Industrial
2155,PermanentCrop
2156,River
2157,Residential
2158,Industrial
2159,Forest
2160,Forest
2161,PermanentCrop
2162,HerbaceousVegetation
2163,Highway
2164,Forest
2165,HerbaceousVegetation
2166,River
2167,HerbaceousVegetation
2168,HerbaceousVegetation
2169,AnnualCrop
2170,Industrial
2171,Forest
2172,HerbaceousVegetation
2173,Industrial
2174,Forest
2175,Forest
2176,Highway
2177,Residential
2178,Forest
2179,HerbaceousVegetation
2180,River
2181,River
2182,Forest
2183,Industrial
2184,Forest
2185,PermanentCrop
2186,Industrial
2187,Residential
2188,AnnualCrop
2189,Forest
2190,AnnualCrop
2191,AnnualCrop
2192,Highway
2193,AnnualCrop
2194,River
2195,AnnualCrop
2196,Forest
2197,HerbaceousVegetation
2198,PermanentCrop
2199,HerbaceousVegetation
2200,Forest
2201,AnnualCrop
2202,Industrial
2203,Forest
2204,Forest
2205,PermanentCrop
2206,Industrial
2207,HerbaceousVegetation
2208,Industrial
2209,Forest
2210,Forest
2211,HerbaceousVegetation
2212,River
2213,SeaLake
2214,HerbaceousVegetation
2215,HerbaceousVegetation
2216,AnnualCrop
2217,Industrial
2218,HerbaceousVegetation
2219,Industrial
2220,HerbaceousVegetation
2221,Forest
2222,Highway
2223,River
2224,River
2225,AnnualCrop
2226,Industrial
2227,Industrial
2228,Highway
2229,Industrial
2230,PermanentCrop
2231,Forest
2232,Forest
2233,Forest
2234,AnnualCrop
2235,PermanentCrop
2236,HerbaceousVegetation
2237,HerbaceousVegetation
2238,Forest
2239,Forest
2240,AnnualCrop
2241,Industrial
2242,HerbaceousVegetation
2243,Forest
2244,Forest
2245,Industrial
2246,Forest
2247,HerbaceousVegetation
2248,SeaLake
2249,Forest
2250,River
2251,HerbaceousVegetation
2252,River
2253,AnnualCrop
2254,Forest
2255,AnnualCrop
2256,River
2257,Forest
2258,PermanentCrop
2259,Pasture
2260,Forest
2261,Forest
2262,AnnualCrop
2263,AnnualCrop
2264,Forest
2265,PermanentCrop
2266,Forest
2267,PermanentCrop
2268,Forest
2269,Residential
2270,AnnualCrop
2271,Forest
2272,Highway
2273,AnnualCrop
2274,AnnualCrop
2275,PermanentCrop
2276,River
2277,Forest
2278,SeaLake
2279,Residential
2280,HerbaceousVegetation
2281,HerbaceousVegetation
2282,Residential
2283,HerbaceousVegetation
2284,Forest
2285,Forest
2286,PermanentCrop
2287,AnnualCrop
2288,Pasture
2289,AnnualCrop
2290,Forest
2291,Industrial
2292,Industrial
2293,PermanentCrop
2294,AnnualCrop
2295,Forest
2296,Industrial
2297,Residential
2298,HerbaceousVegetation
2299,Forest
2300,Forest
2301,SeaLake
2302,HerbaceousVegetation
2303,AnnualCrop
2304,HerbaceousVegetation
2305,Forest
2306,Highway
2307,Pasture
2308,Residential
2309,AnnualCrop
2310,River
2311,Highway
2312,Forest
2313,Industrial
2314,HerbaceousVegetation
2315,SeaLake
2316,HerbaceousVegetation
2317,Industrial
2318,Forest
2319,HerbaceousVegetation
2320,Industrial
2321,AnnualCrop
2322,Forest
2323,HerbaceousVegetation
2324,Pasture
2325,HerbaceousVegetation
2326,Forest
2327,HerbaceousVegetation
2328,Residential
2329,Industrial
2330,Forest
2331,Industrial
2332,HerbaceousVegetation
2333,Pasture
2334,Industrial
2335,PermanentCrop
2336,Forest
2337,Residential
2338,PermanentCrop
2339,SeaLake
2340,HerbaceousVegetation
2341,Industrial
2342,River
2343,SeaLake
2344,Forest
2345,Industrial
2346,Industrial
2347,Forest
2348,SeaLake
2349,River
2350,Forest
2351,AnnualCrop
2352,Residential
2353,AnnualCrop
2354,PermanentCrop
2355,Residential
2356,Residential
2357,Forest
2358,Forest
2359,Forest
2360,Industrial
2361,Forest
2362,SeaLake
2363,AnnualCrop
2364,Forest
2365,River
2366,AnnualCrop
2367,Forest
2368,Highway
2369,AnnualCrop
2370,HerbaceousVegetation
2371,HerbaceousVegetation
2372,PermanentCrop
2373,Forest
2374,Forest
2375,AnnualCrop
2376,AnnualCrop
2377,Forest
2378,River
2379,SeaLake
2380,Residential
2381,Residential
2382,River
2383,Forest
2384,Pasture
2385,Industrial
2386,HerbaceousVegetation
2387,HerbaceousVegetation
2388,SeaLake
2389,HerbaceousVegetation
2390,Residential
2391,HerbaceousVegetation
2392,AnnualCrop
2393,HerbaceousVegetation
2394,Highway
2395,River
2396,Pasture
2397,SeaLake
2398,PermanentCrop
2399,Forest
2400,River
2401,Forest
2402,Forest
2403,Forest
2404,HerbaceousVegetation
2405,AnnualCrop
2406,Residential
2407,Forest
2408,AnnualCrop
2409,Industrial
2410,River
2411,PermanentCrop
2412,PermanentCrop
2413,AnnualCrop
2414,SeaLake
2415,PermanentCrop
2416,Residential
2417,PermanentCrop
2418,SeaLake
2419,HerbaceousVegetation
2420,HerbaceousVegetation
2421,AnnualCrop
2422,Highway
2423,Highway
2424,AnnualCrop
2425,Industrial
2426,AnnualCrop
2427,Forest
2428,Industrial
2429,Residential
2430,PermanentCrop
2431,PermanentCrop
2432,Industrial
2433,HerbaceousVegetation
2434,River
2435,Forest
2436,Industrial
2437,Residential
2438,AnnualCrop
2439,Highway
2440,Forest
2441,River
2442,River
2443,AnnualCrop
2444,SeaLake
2445,Residential
2446,PermanentCrop
2447,SeaLake
2448,SeaLake
2449,Forest
2450,HerbaceousVegetation
2451,PermanentCrop
2452,Forest
2453,PermanentCrop
2454,PermanentCrop
2455,Pasture
2456,Forest
2457,Forest
2458,HerbaceousVegetation
2459,Forest
2460,Forest
2461,Forest
2462,River
2463,SeaLake
2464,Residential
2465,River
2466,Residential
2467,HerbaceousVegetation
2468,PermanentCrop
2469,AnnualCrop
2470,Industrial
2471,Pasture
2472,Forest
2473,River
2474,Forest
2475,AnnualCrop
2476,HerbaceousVegetation
2477,PermanentCrop
2478,Industrial
2479,Forest
2480,SeaLake
2481,River
2482,Forest
2483,Industrial
2484,Forest
2485,River
2486,River
2487,River
2488,Forest
2489,Forest
2490,PermanentCrop
2491,AnnualCrop
2492,River
2493,River
2494,SeaLake
2495,Forest
2496,Industrial
2497,HerbaceousVegetation
2498,SeaLake
2499,River
2500,Forest
2501,Forest
2502,Forest
2503,Industrial
2504,PermanentCrop
2505,HerbaceousVegetation
2506,Industrial
2507,HerbaceousVegetation
2508,Industrial
2509,Forest
2510,River
2511,Forest
2512,SeaLake
2513,Forest
2514,Highway
2515,Industrial
2516,HerbaceousVegetation
2517,HerbaceousVegetation
2518,Residential
2519,PermanentCrop
2520,HerbaceousVegetation
2521,River
2522,Pasture
2523,PermanentCrop
2524,Forest
2525,Forest
2526,AnnualCrop
2527,River
2528,AnnualCrop
2529,Forest
2530,Forest
2531,Industrial
2532,Residential
2533,Forest
2534,Forest
2535,Forest
2536,HerbaceousVegetation
2537,Forest
2538,Industrial
2539,HerbaceousVegetation
2540,HerbaceousVegetation
2541,Residential
2542,PermanentCrop
2543,Forest
2544,Forest
2545,Highway
2546,Residential
2547,PermanentCrop
2548,Forest
2549,AnnualCrop
2550,River
2551,SeaLake
2552,Forest
2553,River
2554,Highway
2555,AnnualCrop
2556,River
2557,Industrial
2558,Forest
2559,AnnualCrop
2560,Forest
2561,Forest
2562,Residential
2563,AnnualCrop
2564,SeaLake
2565,River
2566,Forest
2567,AnnualCrop
2568,Forest
2569,HerbaceousVegetation
2570,HerbaceousVegetation
2571,SeaLake
2572,Residential
2573,River
2574,Residential
2575,River
2576,Highway
2577,HerbaceousVegetation
2578,Industrial
2579,AnnualCrop
2580,PermanentCrop
2581,SeaLake
2582,AnnualCrop
2583,Forest
2584,Industrial
2585,Industrial
2586,Residential
2587,AnnualCrop
2588,AnnualCrop
2589,Forest
2590,Industrial
2591,Residential
2592,Forest
2593,AnnualCrop
2594,HerbaceousVegetation
2595,SeaLake
2596,AnnualCrop
2597,HerbaceousVegetation
2598,River
2599,Forest
2600,Highway
2601,SeaLake
2602,Forest
2603,HerbaceousVegetation
2604,HerbaceousVegetation
2605,Residential
2606,River
2607,Forest
2608,AnnualCrop
2609,AnnualCrop
2610,Forest
2611,AnnualCrop
2612,Forest
2613,River
2614,Forest
2615,PermanentCrop
2616,River
2617,Highway
2618,HerbaceousVegetation
2619,HerbaceousVegetation
2620,Forest
2621,Industrial
2622,Industrial
2623,PermanentCrop
2624,PermanentCrop
2625,HerbaceousVegetation
2626,Forest
2627,PermanentCrop
2628,Forest
2629,AnnualCrop
2630,AnnualCrop
2631,Forest
2632,PermanentCrop
2633,Industrial
2634,Forest
2635,SeaLake
2636,Industrial
2637,Industrial
2638,HerbaceousVegetation
2639,Forest
2640,HerbaceousVegetation
2641,HerbaceousVegetation
2642,Forest
2643,HerbaceousVegetation
2644,Forest
2645,Forest
2646,AnnualCrop
2647,HerbaceousVegetation
2648,PermanentCrop
2649,Residential
2650,SeaLake
2651,Forest
2652,Forest
2653,AnnualCrop
2654,SeaLake
2655,HerbaceousVegetation
2656,Industrial
2657,SeaLake
2658,HerbaceousVegetation
2659,Industrial
2660,HerbaceousVegetation
2661,AnnualCrop
2662,Residential
2663,HerbaceousVegetation
2664,Forest
2665,Forest
2666,Pasture
2667,AnnualCrop
2668,HerbaceousVegetation
2669,Forest
2670,HerbaceousVegetation
2671,HerbaceousVegetation
2672,Pasture
2673,AnnualCrop
2674,Forest
2675,AnnualCrop
2676,HerbaceousVegetation
2677,River
2678,Residential
2679,SeaLake
2680,AnnualCrop
2681,SeaLake
2682,HerbaceousVegetation
2683,River
2684,Forest
2685,Forest
2686,Residential
2687,Residential
2688,Industrial
2689,Forest
2690,HerbaceousVegetation
2691,AnnualCrop
2692,SeaLake
2693,Forest
2694,SeaLake
2695,HerbaceousVegetation
2696,PermanentCrop
2697,HerbaceousVegetation
2698,Forest
2699,Forest
2700,AnnualCrop
2701,Highway
2702,PermanentCrop
2703,Forest
2704,SeaLake
2705,Residential
2706,HerbaceousVegetation
2707,HerbaceousVegetation
2708,Industrial
2709,Residential
2710,Forest
2711,HerbaceousVegetation
2712,AnnualCrop
2713,River
2714,River
2715,HerbaceousVegetation
2716,AnnualCrop
2717,Residential
2718,AnnualCrop
2719,PermanentCrop
2720,River
2721,River
2722,Forest
2723,Residential
2724,Residential
2725,AnnualCrop
2726,Forest
2727,River
2728,Residential
2729,HerbaceousVegetation
2730,SeaLake
2731,Highway
2732,River
2733,Industrial
2734,PermanentCrop
2735,SeaLake
2736,SeaLake
2737,AnnualCrop
2738,PermanentCrop
2739,Forest
2740,Pasture
2741,AnnualCrop
2742,River
2743,SeaLake
2744,AnnualCrop
2745,Pasture
2746,SeaLake
2747,HerbaceousVegetation
2748,River
2749,Industrial
2750,HerbaceousVegetation
2751,HerbaceousVegetation
2752,PermanentCrop
2753,PermanentCrop
2754,HerbaceousVegetation
2755,HerbaceousVegetation
2756,Forest
2757,River
2758,HerbaceousVegetation
2759,SeaLake
2760,River
2761,Forest
2762,Forest
2763,AnnualCrop
2764,Highway
2765,PermanentCrop
2766,PermanentCrop
2767,AnnualCrop
2768,Forest
2769,SeaLake
2770,Forest
2771,Forest
2772,AnnualCrop
2773,HerbaceousVegetation
2774,HerbaceousVegetation
2775,River
2776,Residential
2777,PermanentCrop
2778,AnnualCrop
2779,SeaLake
2780,AnnualCrop
2781,Forest
2782,Forest
2783,Pasture
2784,Forest
2785,Forest
2786,PermanentCrop
2787,PermanentCrop
2788,Industrial
2789,Forest
2790,AnnualCrop
2791,Industrial
2792,Forest
2793,Industrial
2794,Highway
2795,Highway
2796,SeaLake
2797,River
2798,SeaLake
2799,AnnualCrop
2800,River
2801,Forest
2802,AnnualCrop
2803,Forest
2804,Forest
2805,SeaLake
2806,Residential
2807,Industrial
2808,Industrial
2809,AnnualCrop
2810,AnnualCrop
2811,HerbaceousVegetation
2812,Forest
2813,AnnualCrop
2814,PermanentCrop
2815,PermanentCrop
2816,Residential
2817,PermanentCrop
2818,SeaLake
2819,Industrial
2820,PermanentCrop
2821,PermanentCrop
2822,Highway
2823,Industrial
2824,HerbaceousVegetation
2825,HerbaceousVegetation
2826,HerbaceousVegetation
2827,Residential
2828,Forest
2829,HerbaceousVegetation
2830,Forest
2831,PermanentCrop
2832,PermanentCrop
2833,Forest
2834,Highway
2835,SeaLake
2836,Highway
2837,Residential
2838,AnnualCrop
2839,Forest
2840,HerbaceousVegetation
2841,River
2842,AnnualCrop
2843,Forest
2844,Forest
2845,Forest
2846,SeaLake
2847,Industrial
2848,Forest
2849,PermanentCrop
2850,Forest
2851,Forest
2852,Residential
2853,Industrial
2854,Forest
2855,Forest
2856,HerbaceousVegetation
2857,PermanentCrop
2858,PermanentCrop
2859,Industrial
2860,AnnualCrop
2861,HerbaceousVegetation
2862,SeaLake
2863,AnnualCrop
2864,Residential
2865,PermanentCrop
2866,Forest
2867,Forest
2868,Forest
2869,River
2870,Industrial
2871,Residential
2872,Forest
2873,Forest
2874,Industrial
2875,HerbaceousVegetation
2876,Forest
2877,HerbaceousVegetation
2878,Forest
2879,Highway
2880,SeaLake
2881,PermanentCrop
2882,Residential
2883,Industrial
2884,River
2885,River
2886,Industrial
2887,AnnualCrop
2888,SeaLake
2889,AnnualCrop
2890,AnnualCrop
2891,SeaLake
2892,River
2893,SeaLake
2894,PermanentCrop
2895,Forest
2896,AnnualCrop
2897,Industrial
2898,PermanentCrop
2899,HerbaceousVegetation
2900,River
2901,Forest
2902,AnnualCrop
2903,Forest
2904,AnnualCrop
2905,Forest
2906,Residential
2907,River
2908,Forest
2909,HerbaceousVegetation
2910,AnnualCrop
2911,Forest
2912,SeaLake
2913,HerbaceousVegetation
2914,PermanentCrop
2915,Highway
2916,AnnualCrop
2917,HerbaceousVegetation
2918,AnnualCrop
2919,River
2920,HerbaceousVegetation
2921,Industrial
2922,HerbaceousVegetation
2923,Residential
2924,River
2925,Residential
2926,River
2927,Forest
2928,Forest
2929,Highway
2930,SeaLake
2931,Forest
2932,Forest
2933,AnnualCrop
2934,Forest
2935,HerbaceousVegetation
2936,Highway
2937,Industrial
2938,Forest
2939,AnnualCrop
2940,Forest
2941,Forest
2942,Forest
2943,Pasture
2944,SeaLake
2945,PermanentCrop
2946,Forest
2947,HerbaceousVegetation
2948,AnnualCrop
2949,Forest
2950,Industrial
2951,Forest
2952,PermanentCrop
2953,Residential
2954,AnnualCrop
2955,PermanentCrop
2956,River
2957,River
2958,AnnualCrop
2959,SeaLake
2960,Industrial
2961,HerbaceousVegetation
2962,River
2963,HerbaceousVegetation
2964,River
2965,Forest
2966,SeaLake
2967,Forest
2968,Forest
2969,PermanentCrop
2970,AnnualCrop
2971,Forest
2972,Forest
2973,Industrial
2974,River
2975,AnnualCrop
2976,Industrial
2977,Forest
2978,PermanentCrop
2979,HerbaceousVegetation
2980,HerbaceousVegetation
2981,Forest
2982,Forest
2983,PermanentCrop
2984,Forest
2985,SeaLake
2986,River
2987,Forest
2988,Residential
2989,Industrial
2990,Industrial
2991,HerbaceousVegetation
2992,PermanentCrop
2993,PermanentCrop
2994,Forest
2995,PermanentCrop
2996,Forest
2997,Residential
2998,AnnualCrop
2999,Forest
3000,Industrial
3001,SeaLake
3002,Highway
3003,Forest
3004,AnnualCrop
3005,Forest
3006,River
3007,Industrial
3008,SeaLake
3009,SeaLake
3010,HerbaceousVegetation
3011,PermanentCrop
3012,AnnualCrop
3013,River
3014,Forest
3015,HerbaceousVegetation
3016,Residential
3017,AnnualCrop
3018,Industrial
3019,AnnualCrop
3020,Forest
3021,Industrial
3022,PermanentCrop
3023,Forest
3024,Forest
3025,Forest
3026,Forest
3027,Residential
3028,Forest
3029,Residential
3030,Forest
3031,AnnualCrop
3032,AnnualCrop
3033,AnnualCrop
3034,Residential
3035,PermanentCrop
3036,PermanentCrop
3037,Highway
3038,HerbaceousVegetation
3039,Industrial
3040,AnnualCrop
3041,AnnualCrop
3042,Forest
3043,Residential
3044,Forest
3045,PermanentCrop
3046,River
3047,AnnualCrop
3048,Forest
3049,HerbaceousVegetation
3050,HerbaceousVegetation
3051,PermanentCrop
3052,Highway
3053,SeaLake
3054,Forest
3055,Forest
3056,HerbaceousVegetation
3057,Residential
3058,PermanentCrop
3059,Residential
3060,PermanentCrop
3061,Forest
3062,AnnualCrop
3063,River
3064,AnnualCrop
3065,SeaLake
3066,Residential
3067,Industrial
3068,River
3069,Forest
3070,Forest
3071,Forest
3072,Industrial
3073,Forest
3074,Residential
3075,Forest
3076,Forest
3077,Industrial
3078,Highway
3079,SeaLake
3080,Highway
3081,River
3082,Forest
3083,Forest
3084,AnnualCrop
3085,Forest
3086,HerbaceousVegetation
3087,AnnualCrop
3088,Highway
3089,Industrial
3090,River
3091,AnnualCrop
3092,Forest
3093,Forest
3094,PermanentCrop
3095,Forest
3096,Forest
3097,Residential
3098,Forest
3099,Forest
3100,Forest
3101,PermanentCrop
3102,PermanentCrop
3103,Forest
3104,HerbaceousVegetation
3105,River
3106,Forest
3107,River
3108,SeaLake
3109,Industrial
3110,Forest
3111,River
3112,AnnualCrop
3113,HerbaceousVegetation
3114,River
3115,Forest
3116,River
3117,Forest
3118,Industrial
3119,Pasture
3120,River
3121,Forest
3122,PermanentCrop
3123,River
3124,Forest
3125,Industrial
3126,River
3127,AnnualCrop
3128,Industrial
3129,Residential
3130,PermanentCrop
3131,HerbaceousVegetation
3132,Industrial
3133,Highway
3134,River
3135,Pasture
3136,AnnualCrop
3137,HerbaceousVegetation
3138,River
3139,PermanentCrop
3140,AnnualCrop
3141,HerbaceousVegetation
3142,Forest
3143,Residential
3144,Residential
3145,PermanentCrop
3146,HerbaceousVegetation
3147,AnnualCrop
3148,Forest
3149,Forest
3150,Industrial
3151,River
3152,Forest
3153,HerbaceousVegetation
3154,SeaLake
3155,PermanentCrop
3156,SeaLake
3157,PermanentCrop
3158,River
3159,Highway
3160,Residential
3161,Residential
3162,Forest
3163,Forest
3164,River
3165,Industrial
3166,PermanentCrop
3167,Forest
3168,HerbaceousVegetation
3169,HerbaceousVegetation
3170,HerbaceousVegetation
3171,AnnualCrop
3172,HerbaceousVegetation
3173,AnnualCrop
3174,Industrial
3175,AnnualCrop
3176,HerbaceousVegetation
3177,PermanentCrop
3178,PermanentCrop
3179,AnnualCrop
3180,Residential
3181,River
3182,River
3183,Forest
3184,HerbaceousVegetation
3185,AnnualCrop
3186,Industrial
3187,PermanentCrop
3188,Forest
3189,Residential
3190,Forest
3191,AnnualCrop
3192,Forest
3193,Residential
3194,PermanentCrop
3195,SeaLake
3196,Forest
3197,HerbaceousVegetation
3198,HerbaceousVegetation
3199,HerbaceousVegetation
3200,Forest
3201,AnnualCrop
3202,Highway
3203,Forest
3204,River
3205,PermanentCrop
3206,HerbaceousVegetation
3207,PermanentCrop
3208,Forest
3209,PermanentCrop
3210,Forest
3211,Forest
3212,Pasture
3213,SeaLake
3214,Forest
3215,Residential
3216,PermanentCrop
3217,Residential
3218,Forest
3219,River
3220,AnnualCrop
3221,Forest
3222,Forest
3223,Industrial
3224,AnnualCrop
3225,Highway
3226,Industrial
3227,AnnualCrop
3228,HerbaceousVegetation
3229,PermanentCrop
3230,River
3231,SeaLake
3232,PermanentCrop
3233,Residential
3234,River
3235,AnnualCrop
3236,AnnualCrop
3237,Forest
3238,River
3239,Forest
3240,River
3241,Residential
3242,HerbaceousVegetation
3243,PermanentCrop
3244,Forest
3245,Forest
3246,Residential
3247,HerbaceousVegetation
3248,Industrial
3249,HerbaceousVegetation
3250,AnnualCrop
3251,Industrial
3252,HerbaceousVegetation
3253,Industrial
3254,Forest
3255,Forest
3256,Forest
3257,Industrial
3258,Residential
3259,Forest
3260,PermanentCrop
3261,AnnualCrop
3262,Forest
3263,Forest
3264,Forest
3265,AnnualCrop
3266,Industrial
3267,Forest
3268,River
3269,Forest
3270,HerbaceousVegetation
3271,Forest
3272,PermanentCrop
3273,SeaLake
3274,Forest
3275,Forest
3276,Forest
3277,Forest
3278,Forest
3279,Forest
3280,HerbaceousVegetation
3281,Residential
3282,Industrial
3283,Residential
3284,HerbaceousVegetation
3285,Residential
3286,Forest
3287,Residential
3288,Forest
3289,Forest
3290,Highway
3291,Pasture
3292,Forest
3293,Residential
3294,HerbaceousVegetation
3295,HerbaceousVegetation
3296,PermanentCrop
3297,SeaLake
3298,AnnualCrop
3299,HerbaceousVegetation
3300,AnnualCrop
3301,HerbaceousVegetation
3302,HerbaceousVegetation
3303,Residential
3304,PermanentCrop
3305,Forest
3306,River
3307,HerbaceousVegetation
3308,AnnualCrop
3309,AnnualCrop
3310,Residential
3311,HerbaceousVegetation
3312,Forest
3313,AnnualCrop
3314,River
3315,Forest
3316,Highway
3317,Forest
3318,Forest
3319,Forest
3320,Forest
3321,HerbaceousVegetation
3322,Forest
3323,AnnualCrop
3324,AnnualCrop
3325,SeaLake
3326,Residential
3327,Highway
3328,AnnualCrop
3329,Forest
3330,Industrial
3331,HerbaceousVegetation
3332,AnnualCrop
3333,HerbaceousVegetation
3334,SeaLake
3335,AnnualCrop
3336,River
3337,SeaLake
3338,Forest
3339,Forest
3340,Industrial
3341,PermanentCrop
3342,Forest
3343,AnnualCrop
3344,Industrial
3345,AnnualCrop
3346,Forest
3347,AnnualCrop
3348,SeaLake
3349,HerbaceousVegetation
3350,AnnualCrop
3351,Highway
3352,Highway
3353,PermanentCrop
3354,Forest
3355,HerbaceousVegetation
3356,Residential
3357,HerbaceousVegetation
3358,Forest
3359,Highway
3360,Forest
3361,Highway
3362,Forest
3363,SeaLake
3364,Forest
3365,Forest
3366,AnnualCrop
3367,HerbaceousVegetation
3368,River
3369,Forest
3370,AnnualCrop
3371,PermanentCrop
3372,Industrial
3373,Forest
3374,PermanentCrop
3375,HerbaceousVegetation
3376,Forest
3377,AnnualCrop
3378,Forest
3379,Highway
3380,HerbaceousVegetation
3381,Forest
3382,PermanentCrop
3383,Industrial
3384,Forest
3385,Industrial
3386,AnnualCrop
3387,AnnualCrop
3388,AnnualCrop
3389,Residential
3390,AnnualCrop
3391,PermanentCrop
3392,Pasture
3393,AnnualCrop
3394,HerbaceousVegetation
3395,Forest
3396,HerbaceousVegetation
3397,SeaLake
3398,Forest
3399,PermanentCrop
3400,HerbaceousVegetation
3401,HerbaceousVegetation
3402,AnnualCrop
3403,River
3404,HerbaceousVegetation
3405,Forest
3406,Industrial
3407,Industrial
3408,Residential
3409,Forest
3410,SeaLake
3411,Highway
3412,Highway
3413,Pasture
3414,River
3415,Forest
3416,SeaLake
3417,River
3418,SeaLake
3419,River
3420,HerbaceousVegetation
3421,PermanentCrop
3422,AnnualCrop
3423,Residential
3424,Forest
3425,Forest
3426,Residential
3427,Forest
3428,Forest
3429,AnnualCrop
3430,River
3431,AnnualCrop
3432,PermanentCrop
3433,River
3434,PermanentCrop
3435,Forest
3436,HerbaceousVegetation
3437,River
3438,River
3439,Industrial
3440,Residential
3441,Forest
3442,Industrial
3443,Industrial
3444,Highway
3445,SeaLake
3446,Industrial
3447,River
3448,SeaLake
3449,AnnualCrop
3450,Residential
3451,HerbaceousVegetation
3452,Forest
3453,AnnualCrop
3454,Forest
3455,AnnualCrop
3456,HerbaceousVegetation
3457,SeaLake
3458,AnnualCrop
3459,SeaLake
3460,SeaLake
3461,Industrial
3462,River
3463,Forest
3464,AnnualCrop
3465,AnnualCrop
3466,Forest
3467,Highway
3468,Forest
3469,Forest
3470,Residential
3471,River
3472,Forest
3473,AnnualCrop
3474,Forest
3475,HerbaceousVegetation
3476,Forest
3477,HerbaceousVegetation
3478,AnnualCrop
3479,Industrial
3480,PermanentCrop
3481,HerbaceousVegetation
3482,Pasture
3483,Industrial
3484,HerbaceousVegetation
3485,HerbaceousVegetation
3486,HerbaceousVegetation
3487,AnnualCrop
3488,SeaLake
3489,HerbaceousVegetation
3490,AnnualCrop
3491,Residential
3492,Highway
3493,Forest
3494,River
3495,SeaLake
3496,HerbaceousVegetation
3497,Forest
3498,HerbaceousVegetation
3499,SeaLake
3500,PermanentCrop
3501,PermanentCrop
3502,River
3503,Industrial
3504,Forest
3505,Forest
3506,PermanentCrop
3507,SeaLake
3508,Residential
3509,Pasture
3510,Forest
3511,Forest
3512,SeaLake
3513,AnnualCrop
3514,Highway
3515,Forest
3516,Industrial
3517,Highway
3518,Forest
3519,PermanentCrop
3520,AnnualCrop
3521,Forest
3522,SeaLake
3523,Forest
3524,AnnualCrop
3525,Forest
3526,River
3527,Forest
3528,SeaLake
3529,River
3530,AnnualCrop
3531,Industrial
3532,HerbaceousVegetation
3533,AnnualCrop
3534,Industrial
3535,HerbaceousVegetation
3536,Forest
3537,AnnualCrop
3538,Forest
3539,SeaLake
3540,HerbaceousVegetation
3541,Forest
3542,Forest
3543,Residential
3544,HerbaceousVegetation
3545,Residential
3546,Forest
3547,HerbaceousVegetation
3548,AnnualCrop
3549,Industrial
3550,Forest
3551,PermanentCrop
3552,River
3553,Forest
3554,HerbaceousVegetation
3555,HerbaceousVegetation
3556,Forest
3557,HerbaceousVegetation
3558,Highway
3559,Residential
3560,SeaLake
3561,Highway
3562,AnnualCrop
3563,Forest
3564,Forest
3565,Residential
3566,River
3567,Forest
3568,Forest
3569,Residential
3570,Forest
3571,AnnualCrop
3572,Forest
3573,Forest
3574,PermanentCrop
3575,PermanentCrop
3576,Residential
3577,HerbaceousVegetation
3578,PermanentCrop
3579,Forest
3580,Industrial
3581,Industrial
3582,SeaLake
3583,Residential
3584,Industrial
3585,Residential
3586,PermanentCrop
3587,Forest
3588,Industrial
3589,Forest
3590,AnnualCrop
3591,Forest
3592,PermanentCrop
3593,Industrial
3594,Forest
3595,Forest
3596,Forest
3597,Forest
3598,PermanentCrop
3599,HerbaceousVegetation
3600,HerbaceousVegetation
3601,PermanentCrop
3602,Forest
3603,AnnualCrop
3604,Forest
3605,HerbaceousVegetation
3606,PermanentCrop
3607,Industrial
3608,Forest
3609,Residential
3610,Forest
3611,Forest
3612,Forest
3613,AnnualCrop
3614,HerbaceousVegetation
3615,AnnualCrop
3616,Forest
3617,River
3618,HerbaceousVegetation
3619,Industrial
3620,HerbaceousVegetation
3621,Highway
3622,PermanentCrop
3623,AnnualCrop
3624,River
3625,Forest
3626,Forest
3627,Industrial
3628,River
3629,Residential
3630,Forest
3631,AnnualCrop
3632,River
3633,AnnualCrop
3634,River
3635,AnnualCrop
3636,River
3637,Forest
3638,HerbaceousVegetation
3639,Forest
3640,Residential
3641,AnnualCrop
3642,PermanentCrop
3643,HerbaceousVegetation
3644,Forest
3645,SeaLake
3646,PermanentCrop
3647,Residential
3648,PermanentCrop
3649,PermanentCrop
3650,Highway
3651,Pasture
3652,River
3653,Industrial
3654,HerbaceousVegetation
3655,PermanentCrop
3656,Forest
3657,HerbaceousVegetation
3658,Forest
3659,PermanentCrop
3660,River
3661,PermanentCrop
3662,River
3663,AnnualCrop
3664,SeaLake
3665,Forest
3666,AnnualCrop
3667,HerbaceousVegetation
3668,HerbaceousVegetation
3669,Forest
3670,Forest
3671,AnnualCrop
3672,River
3673,Forest
3674,Forest
3675,SeaLake
3676,Residential
3677,Forest
3678,River
3679,River
3680,Industrial
3681,HerbaceousVegetation
3682,AnnualCrop
3683,Forest
3684,Residential
3685,Highway
3686,HerbaceousVegetation
3687,Forest
3688,AnnualCrop
3689,Forest
3690,Forest
3691,Forest
3692,Forest
3693,Forest
3694,Residential
3695,AnnualCrop
3696,Forest
3697,SeaLake
3698,Residential
3699,River
3700,Forest
3701,Residential
3702,Forest
3703,Forest
3704,Forest
3705,AnnualCrop
3706,SeaLake
3707,Highway
3708,PermanentCrop
3709,Residential
3710,HerbaceousVegetation
3711,HerbaceousVegetation
3712,AnnualCrop
3713,River
3714,Forest
3715,River
3716,Forest
3717,Residential
3718,Forest
3719,Forest
3720,AnnualCrop
3721,Residential
3722,Forest
3723,HerbaceousVegetation
3724,SeaLake
3725,Industrial
3726,Forest
3727,Residential
3728,AnnualCrop
3729,Forest
3730,PermanentCrop
3731,AnnualCrop
3732,Forest
3733,Forest
3734,Forest
3735,Pasture
3736,PermanentCrop
3737,Industrial
3738,PermanentCrop
3739,Industrial
3740,PermanentCrop
3741,Industrial
3742,Residential
3743,Industrial
3744,Industrial
3745,SeaLake
3746,SeaLake
3747,AnnualCrop
3748,AnnualCrop
3749,Residential
3750,Industrial
3751,Forest
3752,Highway
3753,AnnualCrop
3754,Forest
3755,Forest
3756,AnnualCrop
3757,Forest
3758,PermanentCrop
3759,Pasture
3760,HerbaceousVegetation
3761,HerbaceousVegetation
3762,AnnualCrop
3763,Forest
3764,Highway
3765,HerbaceousVegetation
3766,HerbaceousVegetation
3767,Highway
3768,PermanentCrop
3769,HerbaceousVegetation
3770,HerbaceousVegetation
3771,Forest
3772,HerbaceousVegetation
3773,HerbaceousVegetation
3774,HerbaceousVegetation
3775,AnnualCrop
3776,Industrial
3777,Highway
3778,River
3779,Forest
3780,AnnualCrop
3781,Forest
3782,HerbaceousVegetation
3783,PermanentCrop
3784,Residential
3785,SeaLake
3786,Forest
3787,SeaLake
3788,Highway
3789,HerbaceousVegetation
3790,Residential
3791,HerbaceousVegetation
3792,AnnualCrop
3793,Residential
3794,Forest
3795,Forest
3796,HerbaceousVegetation
3797,AnnualCrop
3798,HerbaceousVegetation
3799,River
3800,HerbaceousVegetation
3801,AnnualCrop
3802,River
3803,Forest
3804,Residential
3805,Forest
3806,Highway
3807,River
3808,River
3809,Forest
3810,Forest
3811,Industrial
3812,SeaLake
3813,PermanentCrop
3814,Industrial
3815,Industrial
3816,River
3817,Forest
3818,Forest
3819,AnnualCrop
3820,HerbaceousVegetation
3821,Forest
3822,Highway
3823,HerbaceousVegetation
3824,Forest
3825,Forest
3826,PermanentCrop
3827,HerbaceousVegetation
3828,AnnualCrop
3829,Forest
3830,Industrial
3831,AnnualCrop
3832,Highway
3833,Industrial
3834,HerbaceousVegetation
3835,Forest
3836,Forest
3837,Forest
3838,HerbaceousVegetation
3839,AnnualCrop
3840,Forest
3841,Industrial
3842,PermanentCrop
3843,Residential
3844,River
3845,PermanentCrop
3846,Forest
3847,Residential
3848,PermanentCrop
3849,Forest
3850,Residential
3851,Residential
3852,Forest
3853,Residential
3854,Forest
3855,PermanentCrop
3856,Industrial
3857,Forest
3858,SeaLake
3859,HerbaceousVegetation
3860,Industrial
3861,Residential
3862,Forest
3863,Pasture
3864,Residential
3865,River
3866,River
3867,HerbaceousVegetation
3868,Residential
3869,River
3870,HerbaceousVegetation
3871,River
3872,AnnualCrop
3873,Pasture
3874,Forest
3875,Industrial
3876,Forest
3877,Pasture
3878,HerbaceousVegetation
3879,Forest
3880,HerbaceousVegetation
3881,Forest
3882,Residential
3883,Industrial
3884,HerbaceousVegetation
3885,Industrial
3886,River
3887,Forest
3888,Industrial
3889,AnnualCrop
3890,River
3891,PermanentCrop
3892,River
3893,Highway
3894,Highway
3895,Highway
3896,Forest
3897,Industrial
3898,Industrial
3899,AnnualCrop
3900,Forest
3901,HerbaceousVegetation
3902,Forest
3903,PermanentCrop
3904,HerbaceousVegetation
3905,Highway
3906,Pasture
3907,SeaLake
3908,Forest
3909,PermanentCrop
3910,Forest
3911,Forest
3912,Residential
3913,AnnualCrop
3914,Forest
3915,PermanentCrop
3916,Forest
3917,Residential
3918,Residential
3919,Industrial
3920,River
3921,Highway
3922,SeaLake
3923,Forest
3924,Forest
3925,Industrial
3926,Forest
3927,Forest
3928,Forest
3929,SeaLake
3930,HerbaceousVegetation
3931,HerbaceousVegetation
3932,Forest
3933,Industrial
3934,SeaLake
3935,Forest
3936,Forest
3937,Industrial
3938,Industrial
3939,Forest
3940,River
3941,Forest
3942,AnnualCrop
3943,SeaLake
3944,PermanentCrop
3945,Forest
3946,Forest
3947,PermanentCrop
3948,Forest
3949,AnnualCrop
3950,Forest
3951,HerbaceousVegetation
3952,Industrial
3953,AnnualCrop
3954,HerbaceousVegetation
3955,Forest
3956,AnnualCrop
3957,Forest
3958,Residential
3959,AnnualCrop
3960,Forest
3961,Residential
3962,AnnualCrop
3963,Forest
3964,River
3965,Forest
3966,Forest
3967,River
3968,River
3969,Forest
3970,Forest
3971,Industrial
3972,AnnualCrop
3973,Forest
3974,HerbaceousVegetation
3975,Residential
3976,Forest
3977,AnnualCrop
3978,HerbaceousVegetation
3979,Residential
3980,Forest
3981,Industrial
3982,Forest
3983,River
3984,Forest
3985,River
3986,PermanentCrop
3987,River
3988,Forest
3989,AnnualCrop
3990,Highway
3991,HerbaceousVegetation
3992,AnnualCrop
3993,Industrial
3994,PermanentCrop
3995,AnnualCrop
3996,River
3997,Highway
3998,Industrial
3999,Highway
4000,AnnualCrop
4001,Residential
4002,HerbaceousVegetation
4003,HerbaceousVegetation
4004,Industrial
4005,HerbaceousVegetation
4006,Forest
4007,AnnualCrop
4008,Residential
4009,Forest
4010,AnnualCrop
4011,HerbaceousVegetation
4012,PermanentCrop
4013,Residential
4014,Forest
4015,Residential
4016,HerbaceousVegetation
4017,Forest
4018,PermanentCrop
4019,AnnualCrop
4020,Forest
4021,Forest
4022,Residential
4023,AnnualCrop
4024,River
4025,AnnualCrop
4026,SeaLake
4027,River
4028,AnnualCrop
4029,Industrial
4030,River
4031,PermanentCrop
4032,AnnualCrop
4033,AnnualCrop
4034,Forest
4035,SeaLake
4036,Pasture
4037,Industrial
4038,PermanentCrop
4039,Forest
4040,SeaLake
4041,Industrial
4042,Forest
4043,Forest
4044,Forest
4045,Residential
4046,AnnualCrop
4047,Forest
4048,PermanentCrop
4049,AnnualCrop
4050,Industrial
4051,PermanentCrop
4052,River
4053,AnnualCrop
4054,Highway
4055,Forest
4056,AnnualCrop
4057,SeaLake
4058,River
4059,Forest
4060,PermanentCrop
4061,Highway
4062,Forest
4063,PermanentCrop
4064,Forest
4065,Forest
4066,Industrial
4067,Forest
4068,AnnualCrop
4069,Forest
4070,HerbaceousVegetation
4071,River
4072,HerbaceousVegetation
4073,Highway
4074,Industrial
4075,SeaLake
4076,AnnualCrop
4077,Forest
4078,PermanentCrop
4079,PermanentCrop
4080,Forest
4081,AnnualCrop
4082,PermanentCrop
4083,Forest
4084,Highway
4085,Forest
4086,PermanentCrop
4087,PermanentCrop
4088,Forest
4089,Forest
4090,PermanentCrop
4091,HerbaceousVegetation
4092,Forest
4093,Forest
4094,AnnualCrop
4095,Forest
4096,Residential
4097,SeaLake
4098,SeaLake
4099,Forest
4100,AnnualCrop
4101,Forest
4102,HerbaceousVegetation
4103,HerbaceousVegetation
4104,Forest
4105,Forest
4106,River
4107,Forest
4108,Industrial
4109,Forest
4110,Forest
4111,Residential
4112,River
4113,HerbaceousVegetation
4114,Forest
4115,Industrial
4116,River
4117,AnnualCrop
4118,SeaLake
4119,SeaLake
4120,Residential
4121,Residential
4122,Industrial
4123,Residential
4124,PermanentCrop
4125,Industrial
4126,Residential
4127,SeaLake
4128,River
4129,AnnualCrop
4130,Forest
4131,Forest
4132,AnnualCrop
4133,Industrial
4134,PermanentCrop
4135,Forest
4136,Industrial
4137,Industrial
4138,Highway
4139,PermanentCrop
4140,Industrial
4141,AnnualCrop
4142,AnnualCrop
4143,Forest
4144,PermanentCrop
4145,Highway
4146,AnnualCrop
4147,HerbaceousVegetation
4148,AnnualCrop
4149,HerbaceousVegetation
4150,HerbaceousVegetation
4151,River
4152,HerbaceousVegetation
4153,River
4154,PermanentCrop
4155,PermanentCrop
4156,Forest
4157,River
4158,Industrial
4159,HerbaceousVegetation
4160,AnnualCrop
4161,Highway
4162,PermanentCrop
4163,AnnualCrop
4164,PermanentCrop
4165,Highway
4166,AnnualCrop
4167,River
4168,SeaLake
4169,Industrial
4170,Forest
4171,AnnualCrop
4172,Forest
4173,AnnualCrop
4174,SeaLake
4175,AnnualCrop
4176,HerbaceousVegetation
4177,PermanentCrop
4178,HerbaceousVegetation
4179,PermanentCrop
4180,Residential
4181,HerbaceousVegetation
4182,SeaLake
4183,Forest
4184,Forest
4185,River
4186,River
4187,Forest
4188,HerbaceousVegetation
4189,Residential
4190,Pasture
4191,AnnualCrop
4192,HerbaceousVegetation
4193,Forest
4194,River
4195,HerbaceousVegetation
4196,SeaLake
4197,Industrial
4198,Forest
4199,Highway
4200,HerbaceousVegetation
4201,PermanentCrop
4202,PermanentCrop
4203,River
4204,River
4205,Residential
4206,SeaLake
4207,HerbaceousVegetation
4208,AnnualCrop
4209,Forest
4210,SeaLake
4211,Industrial
4212,HerbaceousVegetation
4213,HerbaceousVegetation
4214,Residential
4215,River
4216,Highway
4217,Industrial
4218,Highway
4219,River
4220,River
4221,HerbaceousVegetation
4222,River
4223,Residential
4224,Forest
4225,Forest
4226,SeaLake
4227,AnnualCrop
4228,Highway
4229,River
4230,Forest
4231,AnnualCrop
