test_id,label
2651,SeaLake
3966,Residential
1803,Highway
3564,SeaLake
1649,Highway
1158,SeaLake
3864,Industrial
3395,Forest
1164,SeaLake
2559,Highway
1258,Highway
3090,Forest
19,River
2771,SeaLake
1740,Highway
2686,Industrial
4031,Pasture
2986,Pasture
120,SeaLake
3801,Highway
3166,Forest
2671,PermanentCrop
3366,River
2298,HerbaceousVegetation
1865,Forest
3244,SeaLake
2431,Forest
4220,AnnualCrop
733,Pasture
2867,SeaLake
2896,AnnualCrop
470,Pasture
1904,AnnualCrop
2336,Industrial
1163,AnnualCrop
391,SeaLake
2702,Highway
828,SeaLake
539,Highway
1441,AnnualCrop
1507,Pasture
4148,Forest
4147,AnnualCrop
1228,AnnualCrop
2547,Highway
1456,Industrial
1092,HerbaceousVegetation
1059,AnnualCrop
3888,Industrial
4227,Forest
2558,SeaLake
4117,Highway
843,Highway
3175,River
1311,SeaLake
312,HerbaceousVegetation
3385,Forest
3926,SeaLake
81,Forest
1483,SeaLake
1863,Forest
4050,Pasture
2993,PermanentCrop
3566,Pasture
3117,SeaLake
1760,Pasture
347,HerbaceousVegetation
1491,River
2803,SeaLake
3662,Forest
1395,PermanentCrop
3692,SeaLake
2272,AnnualCrop
3533,PermanentCrop
2520,River
299,Industrial
4212,Pasture
426,AnnualCrop
1334,Residential
95,SeaLake
77,HerbaceousVegetation
2099,AnnualCrop
116,Forest
683,Forest
1484,Pasture
314,Highway
787,Highway
2097,Residential
4221,Pasture
3921,Forest
676,River
1065,HerbaceousVegetation
3211,AnnualCrop
3456,Pasture
1307,River
2629,Forest
2184,SeaLake
2811,River
873,Industrial
2225,Pasture
1496,AnnualCrop
607,River
4095,Pasture
3504,SeaLake
3499,River
2400,Pasture
3505,Forest
2260,SeaLake
1277,Pasture
788,Highway
2142,AnnualCrop
2971,SeaLake
1150,Industrial
3464,Pasture
3695,AnnualCrop
2468,Forest
2076,Highway
3777,Highway
3771,SeaLake
3634,Highway
3723,Highway
4125,Forest
3249,Residential
3895,Industrial
243,Highway
180,Highway
1399,AnnualCrop
2555,Highway
2292,Pasture
986,River
0,Highway
1912,AnnualCrop
3779,SeaLake
1451,Highway
3487,Forest
3668,Pasture
3478,AnnualCrop
1021,AnnualCrop
3322,SeaLake
1604,SeaLake
374,SeaLake
984,AnnualCrop
2729,River
2030,Pasture
3940,Highway
964,SeaLake
3352,Highway
2504,HerbaceousVegetation
1466,Highway
1549,AnnualCrop
3981,Pasture
2841,HerbaceousVegetation
1002,AnnualCrop
3534,Residential
2612,SeaLake
1308,Pasture
2977,HerbaceousVegetation
1187,Pasture
135,AnnualCrop
1104,Pasture
3418,SeaLake
366,Highway
4061,Forest
2526,Forest
3415,Residential
102,Forest
3130,Forest
2240,HerbaceousVegetation
3256,SeaLake
3224,PermanentCrop
2868,SeaLake
2828,SeaLake
1576,Highway
974,Highway
3587,SeaLake
3107,Pasture
2624,PermanentCrop
1201,PermanentCrop
118,SeaLake
2680,River
2374,SeaLake
2915,AnnualCrop
3445,River
1591,Pasture
2396,Industrial
1690,Industrial
36,SeaLake
4135,SeaLake
237,SeaLake
3536,SeaLake
505,Residential
3950,PermanentCrop
1553,River
1687,Highway
382,SeaLake
925,PermanentCrop
2435,SeaLake
2095,Industrial
2895,SeaLake
3334,SeaLake
1509,Pasture
1500,Highway
3551,Pasture
1878,SeaLake
1516,Forest
3273,Highway
361,Highway
1316,Pasture
1118,Pasture
3209,Pasture
3581,Forest
2029,Residential
3458,AnnualCrop
439,HerbaceousVegetation
590,Pasture
1624,Forest
3024,SeaLake
3651,HerbaceousVegetation
4006,SeaLake
1229,Pasture
3822,PermanentCrop
315,Highway
738,Highway
1084,AnnualCrop
1249,Forest
1505,PermanentCrop
815,SeaLake
1615,SeaLake
476,Forest
3112,River
1611,Highway
3113,AnnualCrop
2197,Forest
2455,Highway
623,PermanentCrop
915,PermanentCrop
2004,Industrial
4131,SeaLake
3452,SeaLake
3057,Forest
383,PermanentCrop
4185,HerbaceousVegetation
1136,Industrial
1443,Highway
87,AnnualCrop
3726,SeaLake
2169,Pasture
26,AnnualCrop
3129,SeaLake
3578,River
114,HerbaceousVegetation
2992,Industrial
836,PermanentCrop
2623,Industrial
3989,River
1929,SeaLake
3288,Pasture
4074,Highway
3780,River
4167,AnnualCrop
1350,Pasture
318,SeaLake
3096,Highway
4108,Residential
2152,AnnualCrop
1684,Forest
3537,HerbaceousVegetation
3032,Pasture
3467,River
1174,AnnualCrop
2735,SeaLake
894,AnnualCrop
692,SeaLake
3932,Pasture
884,SeaLake
992,SeaLake
536,AnnualCrop
3748,Forest
996,SeaLake
3746,Highway
403,HerbaceousVegetation
3082,SeaLake
2709,SeaLake
2739,SeaLake
332,Residential
4041,SeaLake
735,Industrial
1957,Pasture
1301,SeaLake
33,Highway
3897,Highway
3260,Highway
3083,SeaLake
1326,Industrial
714,Pasture
3214,SeaLake
3892,Highway
108,SeaLake
3808,Pasture
2070,Highway
2124,AnnualCrop
2382,Forest
1643,Pasture
4096,Residential
1515,Highway
839,Pasture
3507,Highway
2974,HerbaceousVegetation
3650,Pasture
2720,PermanentCrop
565,Highway
805,AnnualCrop
970,Industrial
303,Pasture
1931,Forest
326,River
1502,PermanentCrop
4205,Highway
369,SeaLake
2207,Residential
4133,PermanentCrop
3985,HerbaceousVegetation
3351,HerbaceousVegetation
313,SeaLake
3134,SeaLake
378,HerbaceousVegetation
2615,Pasture
4028,Pasture
1795,Residential
2508,Pasture
748,Industrial
1235,Forest
2514,Highway
1668,AnnualCrop
2005,HerbaceousVegetation
3655,Highway
1838,Pasture
2636,Highway
1256,SeaLake
3200,SeaLake
3291,Pasture
1285,SeaLake
3301,HerbaceousVegetation
488,HerbaceousVegetation
3978,Forest
789,Residential
4198,SeaLake
1444,Highway
1817,PermanentCrop
3759,Forest
985,PermanentCrop
1993,AnnualCrop
2810,Highway
3146,HerbaceousVegetation
3643,HerbaceousVegetation
1973,River
1714,SeaLake
3021,Highway
3928,Forest
758,Forest
134,River
3428,Pasture
2370,Highway
1753,Residential
1730,AnnualCrop
1508,Forest
3201,River
3637,SeaLake
146,SeaLake
63,AnnualCrop
2328,Residential
854,Highway
3320,PermanentCrop
2157,SeaLake
1160,AnnualCrop
367,Residential
2943,AnnualCrop
2562,Industrial
2244,Forest
1965,AnnualCrop
3017,Pasture
3011,Highway
3055,Highway
2817,Forest
1069,SeaLake
1364,Highway
1107,PermanentCrop
1540,HerbaceousVegetation
3002,Highway
1029,Highway
2362,Highway
185,Pasture
1098,Residential
3133,AnnualCrop
3315,SeaLake
3212,Industrial
2571,HerbaceousVegetation
3359,HerbaceousVegetation
3781,SeaLake
3473,AnnualCrop
3358,SeaLake
959,HerbaceousVegetation
3253,River
2223,Highway
1867,River
3719,SeaLake
3959,AnnualCrop
3369,SeaLake
327,SeaLake
2500,Residential
919,SeaLake
4080,AnnualCrop
3190,SeaLake
490,HerbaceousVegetation
1674,Highway
2013,Residential
944,Forest
1582,Pasture
1848,River
2656,Highway
2859,Highway
3756,Forest
2285,Highway
1908,Residential
1066,River
2471,Highway
2316,Forest
235,AnnualCrop
4162,Highway
582,Highway
2767,River
635,Pasture
3039,Industrial
4184,SeaLake
2966,Pasture
1826,Highway
1075,Highway
1371,PermanentCrop
2463,Pasture
2827,Residential
1161,River
562,PermanentCrop
808,PermanentCrop
1788,Industrial
2274,Highway
955,SeaLake
4114,SeaLake
3261,AnnualCrop
1425,SeaLake
2968,SeaLake
3703,SeaLake
831,Industrial
1426,HerbaceousVegetation
3540,Highway
2185,HerbaceousVegetation
2669,SeaLake
2127,Industrial
1569,Residential
1438,SeaLake
3582,Industrial
1962,Industrial
2593,Highway
2904,PermanentCrop
2985,Highway
3783,Highway
3567,SeaLake
3205,Highway
2213,SeaLake
2466,SeaLake
3357,Forest
2171,SeaLake
3387,HerbaceousVegetation
4182,Forest
4071,Pasture
1387,SeaLake
4076,AnnualCrop
3118,Highway
4039,SeaLake
3815,Highway
577,Pasture
2497,Industrial
3417,AnnualCrop
3486,AnnualCrop
3556,SeaLake
12,PermanentCrop
3738,Pasture
4225,SeaLake
2476,Forest
2482,SeaLake
1729,AnnualCrop
3398,SeaLake
2939,Highway
1644,River
1851,River
3687,SeaLake
4170,SeaLake
286,Highway
1614,Residential
2193,AnnualCrop
3597,Pasture
601,Highway
3477,Pasture
514,SeaLake
1995,Highway
2413,Pasture
3518,SeaLake
1828,Pasture
3787,AnnualCrop
1920,Industrial
3044,SeaLake
3964,HerbaceousVegetation
3761,PermanentCrop
4151,Highway
4188,AnnualCrop
1743,HerbaceousVegetation
4217,Industrial
2428,Industrial
4069,River
2209,SeaLake
1353,Highway
3046,HerbaceousVegetation
2516,Pasture
3842,AnnualCrop
4100,Highway
1697,AnnualCrop
3656,SeaLake
1486,Industrial
4008,Industrial
2692,Pasture
1465,Forest
2855,Highway
3785,SeaLake
1991,Residential
119,Highway
1618,SeaLake
1288,River
1565,AnnualCrop
2921,Industrial
4055,SeaLake
2238,Forest
3125,Forest
2341,Industrial
2174,SeaLake
424,HerbaceousVegetation
3705,HerbaceousVegetation
106,Forest
3145,Forest
2957,AnnualCrop
3186,Industrial
628,Industrial
17,River
1162,River
759,PermanentCrop
2444,SeaLake
3784,Industrial
162,Residential
2726,SeaLake
310,SeaLake
4090,HerbaceousVegetation
3626,SeaLake
1078,Highway
1031,AnnualCrop
188,Industrial
272,Residential
2648,Forest
2033,SeaLake
2460,SeaLake
1566,Forest
1313,PermanentCrop
1143,SeaLake
845,SeaLake
3546,SeaLake
2673,Industrial
25,Industrial
2219,Forest
2120,PermanentCrop
2436,Highway
1417,Pasture
3316,Highway
2876,SeaLake
1455,AnnualCrop
3226,PermanentCrop
1519,Forest
3922,Highway
32,SeaLake
534,Pasture
305,Forest
356,SeaLake
3919,SeaLake
830,Highway
1884,SeaLake
2300,SeaLake
1493,Industrial
3355,HerbaceousVegetation
856,HerbaceousVegetation
137,Forest
2901,SeaLake
1019,Highway
3380,AnnualCrop
231,AnnualCrop
3976,SeaLake
2722,SeaLake
2363,AnnualCrop
3126,AnnualCrop
3292,SeaLake
2616,River
3743,Highway
920,SeaLake
8,HerbaceousVegetation
2519,AnnualCrop
1919,AnnualCrop
115,SeaLake
1572,Pasture
4142,AnnualCrop
320,SeaLake
3327,Highway
3943,Highway
2108,Forest
1855,SeaLake
3147,AnnualCrop
1575,SeaLake
3967,River
512,River
929,AnnualCrop
732,River
963,Pasture
2556,River
4231,Forest
2579,AnnualCrop
520,River
3436,Forest
4001,Highway
4047,SeaLake
1081,Highway
793,AnnualCrop
3137,Pasture
1498,AnnualCrop
263,SeaLake
1324,HerbaceousVegetation
2798,SeaLake
826,River
1856,SeaLake
2039,Forest
2793,Highway
660,SeaLake
3333,HerbaceousVegetation
2128,SeaLake
2970,AnnualCrop
3700,Highway
178,Highway
3532,AnnualCrop
1176,Pasture
1662,HerbaceousVegetation
3010,HerbaceousVegetation
3432,AnnualCrop
3225,Forest
802,HerbaceousVegetation
149,Forest
1396,SeaLake
1281,SeaLake
3574,Pasture
1495,SeaLake
1248,Highway
110,Highway
3929,HerbaceousVegetation
1094,SeaLake
3869,HerbaceousVegetation
666,Highway
1198,Pasture
205,SeaLake
3080,Highway
981,HerbaceousVegetation
3321,PermanentCrop
3279,SeaLake
99,HerbaceousVegetation
3930,PermanentCrop
2718,AnnualCrop
3235,Highway
2486,AnnualCrop
1503,AnnualCrop
665,AnnualCrop
4177,AnnualCrop
2084,Residential
1984,Forest
3283,Highway
1406,Forest
3904,Residential
1954,Highway
4089,SeaLake
2349,River
307,PermanentCrop
3270,PermanentCrop
405,Pasture
80,PermanentCrop
927,Forest
4149,Residential
2906,Highway
3347,HerbaceousVegetation
4123,Highway
3849,SeaLake
2795,Pasture
2253,River
1101,River
3232,Pasture
2511,SeaLake
2653,River
1843,SeaLake
285,HerbaceousVegetation
3025,SeaLake
2154,Residential
2321,AnnualCrop
1525,HerbaceousVegetation
1900,SeaLake
661,SeaLake
4052,Highway
3795,SeaLake
4158,Pasture
3657,Pasture
1885,Forest
1787,SeaLake
2980,HerbaceousVegetation
340,Pasture
3165,Highway
3949,HerbaceousVegetation
1038,Industrial
57,Pasture
311,PermanentCrop
2838,HerbaceousVegetation
575,Industrial
109,Industrial
4128,SeaLake
1866,AnnualCrop
1303,Industrial
334,Forest
3871,Highway
2652,SeaLake
631,Forest
392,Highway
721,Industrial
2037,SeaLake
3609,Forest
2583,SeaLake
3585,SeaLake
752,PermanentCrop
1117,Highway
4192,Highway
4165,Forest
2325,River
2168,Forest
3957,SeaLake
3099,SeaLake
542,Industrial
2284,SeaLake
2390,Industrial
507,Residential
2578,Industrial
1343,PermanentCrop
3883,Highway
2916,Forest
1220,Industrial
685,SeaLake
3191,Forest
2175,SeaLake
3881,River
2704,SeaLake
204,Pasture
597,SeaLake
967,AnnualCrop
3371,Pasture
608,SeaLake
4163,Forest
2577,PermanentCrop
3812,SeaLake
3210,SeaLake
3857,SeaLake
2932,SeaLake
159,HerbaceousVegetation
3563,Highway
3409,SeaLake
3001,SeaLake
3393,Pasture
1555,Forest
2383,Highway
3729,River
4222,Forest
4105,SeaLake
3571,AnnualCrop
4175,HerbaceousVegetation
3804,Industrial
3062,Highway
1377,SeaLake
1833,Forest
3938,Highway
3150,SeaLake
522,Pasture
4103,HerbaceousVegetation
3219,Industrial
2150,Forest
1414,Highway
3434,AnnualCrop
2094,Highway
1976,Pasture
3491,Residential
385,PermanentCrop
871,Residential
2935,AnnualCrop
688,Pasture
2367,SeaLake
2854,PermanentCrop
1318,Pasture
2449,Forest
2918,HerbaceousVegetation
2590,Industrial
4140,PermanentCrop
1185,Industrial
1814,Highway
1171,Industrial
2270,SeaLake
2774,HerbaceousVegetation
164,Industrial
2893,Pasture
1261,Residential
990,Forest
1384,Industrial
1139,River
3941,SeaLake
1772,SeaLake
2642,SeaLake
1242,Highway
3338,SeaLake
261,Pasture
2776,Residential
706,HerbaceousVegetation
3535,Pasture
3404,HerbaceousVegetation
50,AnnualCrop
3299,AnnualCrop
2101,River
2566,SeaLake
2614,SeaLake
1882,Industrial
3111,Highway
4194,AnnualCrop
3312,SeaLake
2379,HerbaceousVegetation
3482,Pasture
66,SeaLake
4230,Residential
3197,Forest
2908,Forest
1756,HerbaceousVegetation
555,HerbaceousVegetation
4053,River
199,AnnualCrop
484,Highway
1792,Pasture
4201,Forest
2315,Highway
1190,Pasture
98,Industrial
2690,Highway
3382,Highway
3972,Highway
2626,HerbaceousVegetation
4207,Forest
2570,Pasture
491,Pasture
3268,PermanentCrop
3227,HerbaceousVegetation
1400,Industrial
1657,Highway
339,PermanentCrop
2269,SeaLake
1646,Highway
1633,HerbaceousVegetation
1769,HerbaceousVegetation
3022,HerbaceousVegetation
2228,PermanentCrop
24,River
1715,PermanentCrop
3168,Pasture
1148,Highway
2751,Highway
454,Residential
1391,SeaLake
3414,Pasture
3560,HerbaceousVegetation
4124,Residential
1068,HerbaceousVegetation
407,Industrial
3229,PermanentCrop
2416,HerbaceousVegetation
39,SeaLake
2208,Highway
4084,Residential
1774,Pasture
2897,Highway
951,SeaLake
2940,SeaLake
3757,SeaLake
3661,HerbaceousVegetation
926,Forest
620,SeaLake
435,SeaLake
1942,Residential
2638,PermanentCrop
2933,AnnualCrop
3124,SeaLake
3614,HerbaceousVegetation
2057,River
4166,HerbaceousVegetation
1077,SeaLake
23,SeaLake
730,Pasture
2326,SeaLake
896,Industrial
2523,AnnualCrop
1875,AnnualCrop
3298,Pasture
2910,Forest
3493,SeaLake
1453,Forest
117,Highway
3181,River
89,SeaLake
183,River
1951,Industrial
1365,SeaLake
1517,SeaLake
289,Residential
1922,Forest
2765,River
2731,Highway
580,Residential
674,SeaLake
296,Highway
2143,Forest
4023,Highway
2414,SeaLake
3048,Residential
2258,Pasture
1873,Industrial
1840,AnnualCrop
2301,Pasture
4156,SeaLake
2740,AnnualCrop
3570,SeaLake
1462,SeaLake
138,HerbaceousVegetation
1613,PermanentCrop
399,Pasture
1296,Pasture
3427,SeaLake
3522,Forest
3986,PermanentCrop
1315,PermanentCrop
1603,Pasture
937,Pasture
4113,Pasture
3376,AnnualCrop
2884,Industrial
2074,River
3158,Pasture
3370,AnnualCrop
3045,AnnualCrop
2085,AnnualCrop
70,SeaLake
1905,Forest
643,HerbaceousVegetation
1793,Highway
2347,SeaLake
1199,Highway
1537,Residential
3701,Industrial
4206,SeaLake
2016,Forest
604,AnnualCrop
3708,Highway
2073,Pasture
971,SeaLake
2714,Pasture
1144,Forest
903,River
2183,Industrial
1214,River
480,Highway
724,River
1822,SeaLake
3631,AnnualCrop
2666,Forest
4035,Pasture
1404,Highway
551,Pasture
2742,Industrial
669,Pasture
4137,Highway
4003,Pasture
2621,PermanentCrop
2852,SeaLake
3979,Highway
2346,Pasture
85,SeaLake
3143,Industrial
1017,Forest
3061,SeaLake
2368,AnnualCrop
125,SeaLake
3715,Pasture
869,SeaLake
3824,SeaLake
2130,SeaLake
2831,Highway
3829,SeaLake
709,SeaLake
1067,River
2461,SeaLake
1036,Forest
1089,Highway
227,Forest
3051,AnnualCrop
495,SeaLake
2869,PermanentCrop
196,Pasture
3624,Highway
3648,PermanentCrop
62,Highway
3267,Forest
3974,Pasture
3228,Forest
2698,Highway
1013,SeaLake
2948,Pasture
1883,AnnualCrop
2543,River
202,AnnualCrop
3346,SeaLake
128,PermanentCrop
3471,Highway
219,SeaLake
4218,Forest
2864,SeaLake
1437,Highway
3290,Highway
2822,Pasture
2947,HerbaceousVegetation
4171,PermanentCrop
2234,AnnualCrop
641,AnnualCrop
4018,AnnualCrop
147,HerbaceousVegetation
1302,AnnualCrop
725,PermanentCrop
2775,HerbaceousVegetation
658,SeaLake
530,Residential
689,HerbaceousVegetation
417,Industrial
2229,Residential
3468,Forest
2355,Forest
1416,Forest
3043,PermanentCrop
880,Forest
83,Industrial
745,River
1621,Industrial
1605,SeaLake
1761,Highway
2744,Pasture
3995,Pasture
3289,River
1824,Pasture
2900,AnnualCrop
630,SeaLake
362,River
1345,SeaLake
93,SeaLake
3647,SeaLake
2510,Pasture
3081,AnnualCrop
1020,SeaLake
3565,Residential
2512,SeaLake
2606,PermanentCrop
504,River
2329,Pasture
3642,HerbaceousVegetation
968,Highway
203,Highway
2592,SeaLake
3603,Industrial
2717,SeaLake
3589,SeaLake
182,Forest
4190,Pasture
1278,HerbaceousVegetation
1985,SeaLake
3116,Forest
4082,PermanentCrop
3188,SeaLake
3264,Highway
2145,SeaLake
897,Industrial
1024,River
2753,Highway
3503,Forest
2513,SeaLake
4072,Industrial
807,Forest
916,Forest
1155,PermanentCrop
1167,Industrial
2672,Pasture
173,SeaLake
1638,SeaLake
3868,Residential
2319,Residential
1584,River
3608,SeaLake
4224,SeaLake
3091,AnnualCrop
4154,Highway
1341,SeaLake
4079,PermanentCrop
1742,Highway
770,SeaLake
2733,River
354,Highway
2453,Forest
2215,AnnualCrop
68,SeaLake
588,Forest
388,Industrial
259,Highway
1044,River
2015,Forest
58,SeaLake
186,Forest
3740,Highway
1750,Highway
256,AnnualCrop
1037,Highway
1189,Forest
615,Forest
2180,AnnualCrop
2261,SeaLake
2711,Forest
1819,Industrial
2658,Forest
1336,Pasture
694,Industrial
1263,Highway
1771,AnnualCrop
2305,SeaLake
980,Industrial
2448,SeaLake
2031,Highway
1804,SeaLake
3939,SeaLake
1419,AnnualCrop
1816,PermanentCrop
1323,SeaLake
2011,Forest
2879,AnnualCrop
4210,Industrial
2187,SeaLake
3095,SeaLake
329,AnnualCrop
644,Pasture
384,Industrial
440,River
1095,Forest
1039,AnnualCrop
3516,Industrial
3735,Highway
2826,Industrial
49,HerbaceousVegetation
1445,PermanentCrop
1580,Highway
786,Pasture
222,Industrial
3776,Industrial
267,AnnualCrop
416,Residential
943,Pasture
3874,SeaLake
3914,SeaLake
1008,AnnualCrop
1289,Residential
3243,River
269,Pasture
3671,AnnualCrop
1675,Forest
901,Forest
1694,SeaLake
1073,Highway
1530,Forest
317,AnnualCrop
2007,River
3248,Industrial
2203,SeaLake
720,Highway
414,Forest
206,HerbaceousVegetation
4121,River
1470,SeaLake
29,Industrial
1049,Residential
2837,Highway
2815,SeaLake
834,River
1827,Highway
1975,AnnualCrop
2330,SeaLake
993,Residential
322,SeaLake
1770,Forest
2211,River
197,Residential
3042,SeaLake
624,SeaLake
4098,River
700,AnnualCrop
547,Pasture
5,AnnualCrop
2938,PermanentCrop
3494,Pasture
277,Pasture
2756,SeaLake
2846,SeaLake
1070,HerbaceousVegetation
105,PermanentCrop
3821,SeaLake
3008,Pasture
3573,SeaLake
2121,Forest
489,PermanentCrop
247,AnnualCrop
571,SeaLake
1043,River
3483,Highway
727,PermanentCrop
140,AnnualCrop
214,Forest
3160,Highway
3029,Highway
3521,SeaLake
1111,AnnualCrop
291,Pasture
1823,SeaLake
1011,Industrial
2480,SeaLake
2182,SeaLake
1064,River
1696,SeaLake
3314,Forest
560,SeaLake
4043,SeaLake
773,SeaLake
3259,Pasture
1755,AnnualCrop
838,Forest
3576,Industrial
3618,Highway
3448,Highway
2886,Highway
4209,Pasture
893,SeaLake
2627,AnnualCrop
1897,AnnualCrop
3187,PermanentCrop
4196,Pasture
1695,AnnualCrop
2719,Residential
2928,Industrial
1356,SeaLake
2804,SeaLake
3215,Residential
1105,SeaLake
2870,PermanentCrop
3774,AnnualCrop
255,HerbaceousVegetation
3102,Residential
3607,Industrial
53,HerbaceousVegetation
3851,Forest
713,HerbaceousVegetation
3509,HerbaceousVegetation
1010,Pasture
2080,Pasture
3859,AnnualCrop
3676,Residential
875,AnnualCrop
1586,Industrial
2506,Highway
710,Forest
343,SeaLake
1191,SeaLake
1728,AnnualCrop
4183,HerbaceousVegetation
3900,SeaLake
1798,River
459,Highway
3284,SeaLake
2139,River
2429,SeaLake
3179,Pasture
3606,AnnualCrop
1467,SeaLake
1346,Highway
3389,PermanentCrop
2411,AnnualCrop
3488,Forest
1102,Pasture
774,SeaLake
4213,Residential
1208,HerbaceousVegetation
938,SeaLake
242,River
817,Industrial
59,PermanentCrop
2445,Industrial
1347,Pasture
2218,PermanentCrop
2663,Residential
1240,Pasture
2794,HerbaceousVegetation
1704,SeaLake
4045,Residential
2582,Pasture
2503,Highway
2650,Highway
2012,Highway
4169,Industrial
3592,HerbaceousVegetation
2172,Industrial
1677,SeaLake
473,SeaLake
3059,Residential
2758,Residential
2949,SeaLake
3303,Residential
595,PermanentCrop
2422,Highway
1007,HerbaceousVegetation
3733,SeaLake
3152,SeaLake
2473,Highway
2537,SeaLake
1304,SeaLake
4087,Residential
3177,HerbaceousVegetation
1408,SeaLake
950,PermanentCrop
3678,River
1430,River
844,Forest
2034,HerbaceousVegetation
3755,Industrial
3769,HerbaceousVegetation
3420,Highway
344,HerbaceousVegetation
1270,Forest
2836,Forest
2425,Industrial
2587,AnnualCrop
1244,Highway
1274,Forest
585,Highway
535,PermanentCrop
171,SeaLake
240,SeaLake
899,SeaLake
4068,Highway
2630,HerbaceousVegetation
1106,Highway
2402,SeaLake
2232,Pasture
2357,SeaLake
525,HerbaceousVegetation
1664,SeaLake
2979,Residential
2149,Pasture
818,Highway
3958,Highway
4181,Forest
931,SeaLake
1945,SeaLake
338,Highway
878,Forest
2953,AnnualCrop
2105,PermanentCrop
3386,PermanentCrop
1636,Highway
1074,Forest
2306,AnnualCrop
960,SeaLake
572,Forest
3953,Forest
2920,AnnualCrop
463,SeaLake
2640,Pasture
2091,SeaLake
3721,Residential
610,HerbaceousVegetation
1027,Forest
2469,AnnualCrop
2356,Residential
4013,Pasture
438,SeaLake
3251,Highway
20,HerbaceousVegetation
3421,AnnualCrop
2242,Residential
3446,Highway
51,River
2230,River
1424,HerbaceousVegetation
3354,SeaLake
474,River
2320,Industrial
3583,Pasture
3361,AnnualCrop
2609,Highway
1666,Industrial
1627,Highway
625,SeaLake
3988,Forest
181,SeaLake
1440,Highway
293,Highway
2279,Forest
2426,Forest
3519,Highway
4048,AnnualCrop
1380,SeaLake
346,Industrial
2597,Pasture
1547,AnnualCrop
2159,SeaLake
1808,PermanentCrop
2410,Highway
3443,AnnualCrop
479,AnnualCrop
680,Highway
1410,Highway
3649,AnnualCrop
3110,SeaLake
2162,AnnualCrop
1337,Highway
592,AnnualCrop
2552,SeaLake
3909,Industrial
1359,AnnualCrop
678,Pasture
761,Industrial
847,Pasture
4093,SeaLake
211,Forest
4202,PermanentCrop
1182,Highway
1583,AnnualCrop
1541,Residential
2984,SeaLake
2778,SeaLake
3103,SeaLake
2395,Highway
2844,SeaLake
3955,SeaLake
594,SeaLake
2585,Industrial
248,SeaLake
3408,Residential
3934,HerbaceousVegetation
1567,Pasture
3682,PermanentCrop
3902,SeaLake
2962,Highway
3971,Forest
72,Highway
1960,SeaLake
2129,Highway
3924,SeaLake
3630,SeaLake
4092,SeaLake
988,AnnualCrop
1691,Forest
823,Pasture
1472,Pasture
755,SeaLake
2165,AnnualCrop
2517,HerbaceousVegetation
671,Highway
2462,PermanentCrop
3893,Forest
1402,Industrial
380,SeaLake
4223,Industrial
857,SeaLake
2432,Highway
333,Highway
2610,Industrial
2100,Forest
2762,SeaLake
1053,HerbaceousVegetation
657,Forest
949,Forest
3839,Industrial
2518,River
1320,Forest
213,HerbaceousVegetation
4122,Highway
200,Highway
2304,HerbaceousVegetation
4063,River
2877,Industrial
4044,SeaLake
2064,SeaLake
3646,Industrial
549,Pasture
3036,AnnualCrop
1060,Highway
3855,Industrial
2372,Pasture
441,SeaLake
3612,SeaLake
561,Industrial
4120,HerbaceousVegetation
430,Pasture
2522,Pasture
3263,SeaLake
3844,Forest
3308,AnnualCrop
708,River
4138,Forest
2254,SeaLake
3164,Forest
1062,SeaLake
3876,Pasture
3470,Highway
1057,SeaLake
3258,SeaLake
1063,Highway
879,Pasture
408,AnnualCrop
2257,Forest
2546,Industrial
833,River
2802,HerbaceousVegetation
126,Forest
2602,SeaLake
1997,Industrial
4007,SeaLake
1910,Highway
129,Highway
1619,AnnualCrop
257,River
387,Highway
3012,Forest
3148,SeaLake
803,Industrial
4145,PermanentCrop
1072,Industrial
4208,HerbaceousVegetation
2371,HerbaceousVegetation
3867,Residential
2611,AnnualCrop
1980,AnnualCrop
4005,Highway
3033,Industrial
3093,SeaLake
1006,SeaLake
177,Forest
461,Pasture
1312,Pasture
3977,AnnualCrop
3841,Industrial
2619,Pasture
716,Pasture
1628,Forest
3562,Pasture
2205,River
3772,Residential
2433,Forest
1056,AnnualCrop
3003,Forest
1524,Pasture
2710,Industrial
1212,Pasture
190,Pasture
2478,Highway
2332,Forest
2003,AnnualCrop
2780,PermanentCrop
2707,Forest
855,Forest
351,HerbaceousVegetation
394,Highway
3529,HerbaceousVegetation
1703,Forest
1958,River
1310,HerbaceousVegetation
352,Highway
1622,Residential
1717,PermanentCrop
4179,Highway
2682,Forest
1512,River
1581,Highway
544,AnnualCrop
2389,Industrial
2192,River
545,SeaLake
1448,AnnualCrop
1894,SeaLake
2313,Pasture
1096,SeaLake
4172,HerbaceousVegetation
3831,AnnualCrop
3007,Industrial
1166,Pasture
1058,SeaLake
2489,SeaLake
1110,Forest
3850,Residential
509,HerbaceousVegetation
2310,HerbaceousVegetation
515,HerbaceousVegetation
3466,Highway
48,River
3084,AnnualCrop
2807,Highway
1896,Forest
1625,Forest
2633,AnnualCrop
1987,PermanentCrop
2247,AnnualCrop
144,River
3431,HerbaceousVegetation
1230,River
2198,Highway
656,Highway
3961,Industrial
22,SeaLake
2490,HerbaceousVegetation
939,SeaLake
368,Highway
1596,AnnualCrop
2126,SeaLake
3132,River
2352,River
642,Industrial
975,SeaLake
483,HerbaceousVegetation
3854,SeaLake
184,AnnualCrop
3520,River
1085,Highway
842,SeaLake
1379,Highway
18,AnnualCrop
2312,SeaLake
3763,SeaLake
841,Pasture
891,River
3717,Residential
2040,PermanentCrop
3348,Pasture
932,Highway
1679,AnnualCrop
2068,Highway
1932,SeaLake
42,Highway
1233,Forest
870,River
2281,AnnualCrop
3271,SeaLake
3641,AnnualCrop
948,SeaLake
684,Residential
224,SeaLake
1790,Residential
1526,Highway
835,River
2438,Forest
2369,Highway
1361,River
3910,SeaLake
1969,Pasture
220,Forest
2102,HerbaceousVegetation
1979,Pasture
2853,Highway
3222,SeaLake
1122,AnnualCrop
4204,Pasture
3406,AnnualCrop
2307,Pasture
236,Forest
121,SeaLake
1561,AnnualCrop
3549,Pasture
3340,Industrial
1452,Industrial
251,SeaLake
1335,Residential
160,PermanentCrop
365,Pasture
2451,AnnualCrop
1116,AnnualCrop
527,Highway
596,SeaLake
3604,SeaLake
3054,SeaLake
584,Forest
3683,SeaLake
161,Highway
2204,SeaLake
1409,Forest
1544,River
2125,Pasture
2618,Forest
2816,Highway
2273,HerbaceousVegetation
3506,PermanentCrop
2161,Forest
1051,Highway
1333,SeaLake
465,SeaLake
353,SeaLake
1412,Highway
4033,AnnualCrop
1283,Highway
1659,Residential
1640,River
1672,Pasture
3088,Highway
2885,Pasture
1342,SeaLake
1800,PermanentCrop
909,SeaLake
532,Industrial
1272,River
3363,HerbaceousVegetation
3040,Pasture
1460,Highway
3635,Pasture
613,Industrial
554,SeaLake
940,Forest
503,SeaLake
3498,HerbaceousVegetation
1156,Pasture
3474,SeaLake
2053,Highway
863,PermanentCrop
336,SeaLake
3286,SeaLake
2829,AnnualCrop
3882,Residential
3454,SeaLake
3193,Forest
785,SeaLake
2008,Pasture
3140,AnnualCrop
38,SeaLake
923,SeaLake
2960,River
3724,SeaLake
1836,SeaLake
3663,HerbaceousVegetation
2359,Forest
157,Highway
1269,Industrial
1211,Pasture
2667,River
701,Pasture
653,River
1294,SeaLake
556,SeaLake
3419,Highway
912,Highway
3199,AnnualCrop
2342,Highway
513,HerbaceousVegetation
2107,SeaLake
2789,Highway
485,Industrial
1218,Industrial
2675,AnnualCrop
1521,Industrial
810,PermanentCrop
859,Forest
1841,AnnualCrop
3539,Highway
649,River
3013,Forest
3927,SeaLake
2147,Pasture
2032,SeaLake
1876,River
4022,Residential
3192,Forest
2291,Highway
1699,HerbaceousVegetation
3767,Forest
448,HerbaceousVegetation
306,SeaLake
2929,Highway
2875,AnnualCrop
3174,Highway
972,Industrial
2561,SeaLake
1225,SeaLake
977,HerbaceousVegetation
1151,Highway
1459,River
3698,Industrial
1368,Residential
3280,River
266,SeaLake
1450,PermanentCrop
43,SeaLake
2905,SeaLake
2243,SeaLake
3056,Forest
2296,Highway
740,Pasture
3453,HerbaceousVegetation
3754,Forest
1257,AnnualCrop
922,River
2061,SeaLake
156,SeaLake
3832,Forest
100,SeaLake
442,SeaLake
935,SeaLake
1216,SeaLake
790,Highway
2114,River
771,Pasture
3019,Pasture
4109,SeaLake
1431,Forest
917,SeaLake
4040,SeaLake
262,Forest
3508,Industrial
599,AnnualCrop
2302,Forest
2528,HerbaceousVegetation
3993,Pasture
1152,Highway
3035,Pasture
4099,SeaLake
799,Forest
837,Highway
3628,Forest
3598,Pasture
2199,HerbaceousVegetation
2872,Industrial
2419,PermanentCrop
2115,Industrial
1899,Highway
3913,Pasture
1245,SeaLake
801,Forest
3172,PermanentCrop
881,River
2892,Highway
1192,Highway
3492,River
1949,Pasture
1917,AnnualCrop
3875,Highway
410,Industrial
1661,PermanentCrop
769,AnnualCrop
3791,HerbaceousVegetation
3274,SeaLake
2427,SeaLake
2539,Highway
3872,AnnualCrop
1689,AnnualCrop
1938,Forest
451,SeaLake
3306,River
3863,PermanentCrop
3577,Industrial
2856,River
2398,Highway
3613,AnnualCrop
3141,SeaLake
2773,Highway
133,Forest
1153,SeaLake
1820,Pasture
1383,Forest
2820,River
2136,Forest
690,Forest
3942,Pasture
3621,Highway
3599,Forest
797,SeaLake
2863,Pasture
812,AnnualCrop
1023,Industrial
1042,Highway
3183,SeaLake
1712,SeaLake
3490,AnnualCrop
2457,SeaLake
3323,Forest
754,Highway
3792,PermanentCrop
123,SeaLake
1330,SeaLake
2591,PermanentCrop
1394,AnnualCrop
3954,HerbaceousVegetation
30,Highway
1109,Pasture
4215,Highway
324,Highway
2454,Highway
3257,Industrial
2727,Forest
2477,Highway
1749,Forest
3122,PermanentCrop
510,Industrial
2696,AnnualCrop
1758,Forest
753,Residential
791,SeaLake
792,PermanentCrop
1592,River
3255,SeaLake
1132,Pasture
2333,Pasture
436,River
1234,Highway
3552,River
1852,PermanentCrop
1796,SeaLake
4046,AnnualCrop
548,River
2777,HerbaceousVegetation
2196,SeaLake
1879,SeaLake
1539,SeaLake
2338,PermanentCrop
1989,AnnualCrop
2440,SeaLake
3430,AnnualCrop
2808,Pasture
1149,Highway
1918,River
563,Residential
3302,Forest
1267,Forest
2452,SeaLake
3208,Forest
3790,Highway
811,HerbaceousVegetation
2075,Highway
150,HerbaceousVegetation
928,AnnualCrop
2643,Highway
244,River
3278,HerbaceousVegetation
2689,Pasture
1135,Highway
207,Highway
3383,Residential
1436,Forest
444,PermanentCrop
107,Pasture
3586,Forest
2022,River
2000,River
3207,Pasture
1080,Forest
1595,Highway
1921,SeaLake
553,Highway
3447,HerbaceousVegetation
45,PermanentCrop
2527,River
4083,SeaLake
2323,Pasture
2495,SeaLake
1685,Highway
2975,AnnualCrop
3952,Highway
672,Pasture
1765,Industrial
1809,Pasture
2613,PermanentCrop
737,SeaLake
962,Industrial
2245,Industrial
3139,Highway
1573,Forest
1485,AnnualCrop
1868,River
3479,Highway
92,SeaLake
234,Pasture
4066,Pasture
3908,SeaLake
3423,Industrial
2834,River
876,Industrial
1186,Highway
2978,Pasture
1142,PermanentCrop
3905,River
3511,SeaLake
3277,Pasture
3142,SeaLake
398,SeaLake
55,AnnualCrop
523,Highway
3907,Industrial
363,Highway
345,SeaLake
2708,Industrial
2572,Industrial
401,Highway
3860,SeaLake
691,River
4197,SeaLake
2907,Highway
4034,SeaLake
1030,Industrial
1927,Highway
1578,SeaLake
639,Industrial
1352,AnnualCrop
825,River
1134,River
7,SeaLake
2226,Highway
3400,Highway
2560,Pasture
52,SeaLake
468,Pasture
3367,River
1372,Pasture
3664,SeaLake
78,Forest
350,AnnualCrop
47,SeaLake
3153,Residential
3920,Pasture
3496,PermanentCrop
2491,HerbaceousVegetation
1665,Industrial
866,Pasture
2725,Pasture
1963,AnnualCrop
1906,SeaLake
3912,Highway
2946,SeaLake
1781,River
3915,Pasture
3067,Residential
3472,Residential
1859,Residential
2358,SeaLake
958,Highway
1276,AnnualCrop
2275,Highway
1550,SeaLake
1528,AnnualCrop
1598,Highway
3837,SeaLake
122,Pasture
907,SeaLake
2779,SeaLake
2783,Highway
2201,AnnualCrop
3463,SeaLake
11,SeaLake
3531,Industrial
1864,Highway
1035,Forest
2194,Highway
2237,PermanentCrop
3435,SeaLake
130,Highway
3817,SeaLake
3887,SeaLake
1290,Forest
3737,Highway
2551,Highway
3672,HerbaceousVegetation
1971,Pasture
228,HerbaceousVegetation
1370,River
2256,AnnualCrop
212,Residential
1609,AnnualCrop
412,Residential
2156,Highway
775,Highway
2647,HerbaceousVegetation
3786,SeaLake
466,SeaLake
2467,HerbaceousVegetation
1332,SeaLake
1392,SeaLake
2195,AnnualCrop
2343,Forest
4129,River
2972,SeaLake
1194,River
887,SeaLake
1891,Highway
2542,Industrial
187,SeaLake
2066,Forest
1829,SeaLake
3720,AnnualCrop
2251,AnnualCrop
2724,Industrial
1559,Highway
757,SeaLake
3282,Pasture
3198,HerbaceousVegetation
650,SeaLake
2909,SeaLake
2761,SeaLake
2505,AnnualCrop
1518,Highway
1903,SeaLake
75,Pasture
3476,AnnualCrop
487,Industrial
1282,SeaLake
2077,Highway
618,Residential
3072,Highway
911,Industrial
3341,PermanentCrop
94,HerbaceousVegetation
1764,Pasture
4136,PermanentCrop
3778,Highway
2930,SeaLake
1786,PermanentCrop
298,SeaLake
139,SeaLake
3331,AnnualCrop
3023,SeaLake
2484,Industrial
2581,Forest
2887,Pasture
3374,Residential
3557,PermanentCrop
4178,Pasture
2840,HerbaceousVegetation
2850,SeaLake
1607,SeaLake
2407,SeaLake
3236,Highway
1317,Forest
4106,Highway
2164,SeaLake
2982,SeaLake
2883,PermanentCrop
3451,Forest
2580,AnnualCrop
3825,Industrial
3799,Pasture
2078,SeaLake
603,Pasture
3638,River
3944,PermanentCrop
64,SeaLake
1137,Forest
3297,SeaLake
1606,Highway
3669,SeaLake
3886,AnnualCrop
848,HerbaceousVegetation
1071,Pasture
433,Residential
3696,SeaLake
3426,Highway
166,AnnualCrop
3240,Highway
806,Forest
1124,Highway
1237,Highway
153,River
2888,SeaLake
634,SeaLake
2676,AnnualCrop
493,Highway
1981,Forest
21,Industrial
3337,SeaLake
1533,SeaLake
2882,Forest
528,SeaLake
3319,SeaLake
2525,SeaLake
4024,AnnualCrop
3335,Highway
1860,Highway
2701,PermanentCrop
3457,Highway
2043,Highway
2111,Pasture
1147,HerbaceousVegetation
2373,SeaLake
3677,SeaLake
2092,AnnualCrop
4026,SeaLake
1362,Pasture
3077,Forest
3713,Highway
874,PermanentCrop
784,PermanentCrop
1239,Pasture
3884,Highway
902,Forest
763,SeaLake
1381,Highway
131,Highway
3266,Highway
2805,SeaLake
4195,Pasture
1088,HerbaceousVegetation
3058,PermanentCrop
598,SeaLake
1475,HerbaceousVegetation
393,Forest
1358,PermanentCrop
934,Pasture
3353,Pasture
3079,Forest
9,Highway
2706,HerbaceousVegetation
1223,SeaLake
832,Forest
3764,Forest
2899,HerbaceousVegetation
2848,SeaLake
2153,Pasture
1871,HerbaceousVegetation
1468,Pasture
2485,Highway
3588,Pasture
2303,Pasture
1354,Highway
1243,Forest
3782,Forest
342,SeaLake
1275,Pasture
2036,Forest
1593,Forest
2557,AnnualCrop
2659,Highway
4111,Highway
702,Forest
2054,SeaLake
1418,SeaLake
3170,AnnualCrop
3620,SeaLake
1238,Forest
1789,Highway
3590,Forest
427,AnnualCrop
3162,Forest
1970,Highway
667,SeaLake
3997,HerbaceousVegetation
1329,River
1297,Highway
1529,Pasture
3241,Industrial
3489,Industrial
4216,Highway
3047,River
3699,AnnualCrop
1114,HerbaceousVegetation
3514,Industrial
2934,SeaLake
3983,River
2259,AnnualCrop
2541,SeaLake
1641,SeaLake
1531,Highway
2991,AnnualCrop
1645,Forest
1663,River
1914,Industrial
900,PermanentCrop
3894,Forest
1264,Highway
67,SeaLake
2819,Highway
469,River
3722,SeaLake
2337,Industrial
3749,Residential
1052,AnnualCrop
1054,SeaLake
2443,AnnualCrop
1831,Residential
1676,HerbaceousVegetation
2308,Highway
3561,Industrial
2945,PermanentCrop
3218,SeaLake
717,Highway
614,Residential
65,SeaLake
3250,Forest
472,Forest
2588,River
2849,Highway
813,Industrial
1262,Forest
1692,Highway
3686,AnnualCrop
3973,SeaLake
1881,Pasture
2586,Residential
3442,Highway
2599,SeaLake
1032,SeaLake
3936,SeaLake
3960,SeaLake
1338,Forest
605,Industrial
2072,Pasture
1693,SeaLake
3806,Forest
3633,AnnualCrop
1401,PermanentCrop
4062,SeaLake
3653,Industrial
570,HerbaceousVegetation
90,Forest
2041,PermanentCrop
2250,River
1686,Residential
3901,PermanentCrop
1433,SeaLake
3745,Highway
2999,SeaLake
3710,Highway
4029,Residential
1188,Forest
2344,SeaLake
2188,AnnualCrop
892,Pasture
35,Highway
1639,HerbaceousVegetation
3325,SeaLake
246,Pasture
989,PermanentCrop
2212,AnnualCrop
2919,Forest
3220,Pasture
3173,River
3999,Forest
1169,Industrial
3287,Residential
1655,River
741,Industrial
2093,PermanentCrop
3918,Residential
3252,AnnualCrop
4027,PermanentCrop
3951,River
2266,SeaLake
2942,SeaLake
3006,River
1299,Forest
254,Highway
573,Industrial
1616,Highway
2447,River
3294,AnnualCrop
1322,SeaLake
729,Forest
1374,River
1393,SeaLake
2311,Forest
2286,Residential
3853,SeaLake
3439,Forest
1004,SeaLake
1165,HerbaceousVegetation
3765,AnnualCrop
2166,River
1181,River
3833,Industrial
3980,SeaLake
2923,SeaLake
1025,Highway
2605,SeaLake
2645,SeaLake
3360,SeaLake
2917,Highway
736,Highway
2262,AnnualCrop
3441,SeaLake
2574,Residential
1351,SeaLake
1103,AnnualCrop
195,HerbaceousVegetation
3038,Highway
4150,Highway
1825,PermanentCrop
2782,Industrial
1123,Pasture
3796,Pasture
3984,SeaLake
3502,HerbaceousVegetation
882,Industrial
4153,HerbaceousVegetation
3163,SeaLake
4004,PermanentCrop
524,Pasture
500,Highway
1202,SeaLake
1746,Highway
4112,HerbaceousVegetation
1670,SeaLake
2179,Highway
3362,SeaLake
2639,SeaLake
508,Highway
1953,Forest
2002,Industrial
2608,AnnualCrop
3814,Highway
2278,Forest
2178,SeaLake
659,River
283,Residential
2058,Industrial
1246,SeaLake
2023,SeaLake
3106,SeaLake
2889,AnnualCrop
2021,SeaLake
2499,SeaLake
3660,AnnualCrop
1305,Forest
1671,Residential
914,HerbaceousVegetation
1340,River
2027,SeaLake
1780,SeaLake
450,River
1428,SeaLake
3396,HerbaceousVegetation
1183,SeaLake
1738,AnnualCrop
208,HerbaceousVegetation
446,Industrial
2825,Pasture
1563,Residential
2231,SeaLake
612,Industrial
3762,AnnualCrop
2936,Highway
1626,SeaLake
3481,AnnualCrop
4102,Highway
210,SeaLake
4088,SeaLake
956,SeaLake
2123,AnnualCrop
273,Residential
1253,SeaLake
2083,River
3616,SeaLake
796,HerbaceousVegetation
330,River
3545,River
3810,Highway
445,Forest
209,SeaLake
557,SeaLake
3230,River
2691,Pasture
2646,Highway
718,Forest
498,River
3070,SeaLake
1513,Highway
1476,Industrial
1009,Pasture
1877,Pasture
3460,HerbaceousVegetation
3697,Pasture
165,PermanentCrop
2532,Highway
3542,Pasture
281,SeaLake
1718,Pasture
2746,Industrial
969,Forest
768,Pasture
910,SeaLake
850,Highway
3517,Highway
2408,AnnualCrop
2530,SeaLake
2575,Forest
1562,SeaLake
4193,SeaLake
1658,AnnualCrop
705,Pasture
3285,Residential
1001,SeaLake
2529,SeaLake
3411,Highway
2728,SeaLake
1170,SeaLake
3794,Highway
3154,Residential
1977,AnnualCrop
3087,PermanentCrop
589,Industrial
1799,Forest
3231,PermanentCrop
1602,Highway
1018,Forest
4199,PermanentCrop
696,PermanentCrop
112,Forest
3155,Pasture
152,River
2122,Pasture
158,Highway
3073,Pasture
2487,Forest
747,HerbaceousVegetation
84,SeaLake
2387,HerbaceousVegetation
1546,SeaLake
621,Forest
1369,SeaLake
4012,River
2994,Highway
1446,River
1992,SeaLake
2109,SeaLake
2375,SeaLake
2535,SeaLake
2348,River
2399,SeaLake
2861,HerbaceousVegetation
1003,Pasture
1434,PermanentCrop
3089,Industrial
1732,Highway
4021,Forest
3131,AnnualCrop
1268,HerbaceousVegetation
2845,SeaLake
3969,SeaLake
1767,SeaLake
271,SeaLake
1893,SeaLake
1339,Forest
455,SeaLake
918,River
1504,SeaLake
1215,Forest
1698,AnnualCrop
2843,River
2800,Highway
751,Highway
3144,Forest
3679,AnnualCrop
2331,Highway
2071,Residential
695,SeaLake
941,Forest
2110,SeaLake
2082,Forest
3397,Pasture
400,AnnualCrop
1040,HerbaceousVegetation
4152,Forest
3530,Forest
3026,SeaLake
360,SeaLake
3171,AnnualCrop
973,Pasture
2378,Forest
2394,Highway
1667,SeaLake
1934,Industrial
1172,Pasture
2010,SeaLake
3836,SeaLake
517,Highway
3990,AnnualCrop
3931,AnnualCrop
2464,Residential
280,SeaLake
1280,HerbaceousVegetation
3830,Industrial
1654,Highway
2384,HerbaceousVegetation
425,Forest
4091,SeaLake
1427,Industrial
1210,PermanentCrop
323,HerbaceousVegetation
711,HerbaceousVegetation
3049,AnnualCrop
1952,Highway
3465,Pasture
3329,SeaLake
373,Highway
568,AnnualCrop
2697,PermanentCrop
1924,Industrial
1745,Pasture
2479,SeaLake
481,SeaLake
386,Forest
3629,SeaLake
1999,Forest
2318,SeaLake
2255,Pasture
1357,Highway
2280,Forest
2470,Highway
4,HerbaceousVegetation
2206,Residential
2769,SeaLake
221,SeaLake
2190,HerbaceousVegetation
1734,HerbaceousVegetation
2248,River
371,SeaLake
355,Residential
954,River
1916,SeaLake
3947,HerbaceousVegetation
370,AnnualCrop
4081,AnnualCrop
3242,AnnualCrop
957,Forest
1022,Pasture
2294,PermanentCrop
1759,Highway
569,SeaLake
238,Highway
3078,Pasture
579,HerbaceousVegetation
1887,Pasture
1778,Forest
1463,Highway
496,SeaLake
1026,River
225,SeaLake
2554,Forest
1757,SeaLake
2412,Highway
2418,SeaLake
501,River
2743,River
1127,Pasture
3094,PermanentCrop
2233,AnnualCrop
1839,Industrial
2167,Forest
1579,River
3350,Highway
1608,PermanentCrop
325,SeaLake
3037,AnnualCrop
3554,AnnualCrop
1488,Industrial
3119,PermanentCrop
3728,AnnualCrop
723,Highway
37,Highway
397,AnnualCrop
3000,Pasture
3550,SeaLake
1558,AnnualCrop
593,Residential
4187,Highway
1560,PermanentCrop
1028,SeaLake
2049,HerbaceousVegetation
69,SeaLake
2839,SeaLake
2573,AnnualCrop
2641,HerbaceousVegetation
2155,Pasture
2873,PermanentCrop
3469,SeaLake
2770,SeaLake
3068,River
1888,HerbaceousVegetation
682,Forest
699,PermanentCrop
2388,SeaLake
3018,PermanentCrop
2421,AnnualCrop
3896,SeaLake
3424,SeaLake
2014,SeaLake
3485,Industrial
4078,PermanentCrop
1266,Pasture
1946,River
4025,HerbaceousVegetation
2568,SeaLake
2241,Industrial
2637,AnnualCrop
2028,Residential
1669,Highway
2601,Highway
264,Highway
3123,Industrial
1773,Forest
2202,Highway
3596,SeaLake
1506,SeaLake
1458,SeaLake
2737,HerbaceousVegetation
3377,SeaLake
4057,Pasture
626,AnnualCrop
3009,HerbaceousVegetation
3053,SeaLake
1660,PermanentCrop
377,Pasture
2677,HerbaceousVegetation
2038,SeaLake
2635,Highway
2214,Forest
3707,Pasture
995,Residential
4173,PermanentCrop
241,HerbaceousVegetation
3368,River
1791,Pasture
1128,Industrial
987,Highway
952,River
4104,SeaLake
3788,Pasture
2681,SeaLake
2661,River
2911,SeaLake
1309,River
2760,Pasture
3528,Pasture
3878,Forest
1552,Industrial
1988,Forest
4038,Pasture
2764,Pasture
819,Residential
1090,PermanentCrop
2220,Forest
3579,SeaLake
976,SeaLake
712,Industrial
2748,Forest
2216,Pasture
1870,Residential
1930,Forest
1739,AnnualCrop
2055,Highway
1200,SeaLake
82,Highway
2634,SeaLake
2118,Industrial
2607,Pasture
3296,AnnualCrop
1298,AnnualCrop
478,SeaLake
2081,Industrial
2786,Pasture
2191,Pasture
1832,Forest
4159,Highway
637,HerbaceousVegetation
1363,SeaLake
2632,Forest
2958,SeaLake
3877,PermanentCrop
91,PermanentCrop
4073,AnnualCrop
1590,Residential
4097,Pasture
655,PermanentCrop
462,Residential
2,Forest
2540,AnnualCrop
136,Forest
1219,Highway
379,Highway
3020,Highway
2239,SeaLake
2569,River
567,AnnualCrop
169,Highway
2967,SeaLake
3339,SeaLake
1751,Pasture
627,Pasture
3636,Forest
1994,River
675,SeaLake
766,Forest
2871,Industrial
217,AnnualCrop
743,Highway
1721,SeaLake
1093,Highway
2713,Forest
2264,SeaLake
409,Pasture
2377,SeaLake
762,Pasture
3275,SeaLake
2791,Industrial
4010,Forest
245,Industrial
475,Highway
101,Residential
679,HerbaceousVegetation
2824,AnnualCrop
3216,River
3060,Highway
1180,PermanentCrop
2472,SeaLake
840,SeaLake
2990,SeaLake
1184,Industrial
1119,Pasture
2730,SeaLake
3639,SeaLake
1120,Forest
3702,SeaLake
2160,SeaLake
2649,Residential
4214,Forest
1494,Highway
2567,HerbaceousVegetation
44,Pasture
2538,Highway
2823,Forest
2268,SeaLake
3558,SeaLake
804,Pasture
546,SeaLake
2141,Pasture
764,AnnualCrop
3384,SeaLake
1497,SeaLake
2790,HerbaceousVegetation
1902,SeaLake
4067,SeaLake
1939,HerbaceousVegetation
1907,SeaLake
3632,Pasture
74,AnnualCrop
3994,Forest
319,Pasture
2297,Industrial
827,HerbaceousVegetation
583,SeaLake
2441,Forest
1837,Industrial
359,Forest
3513,PermanentCrop
1542,HerbaceousVegetation
2787,Highway
3685,Industrial
3305,Residential
2685,SeaLake
3364,Highway
1632,AnnualCrop
777,SeaLake
2360,Forest
1489,River
1589,Highway
3217,Highway
2119,SeaLake
328,HerbaceousVegetation
175,SeaLake
3611,SeaLake
4203,AnnualCrop
1974,Residential
4017,SeaLake
4155,Forest
1087,Pasture
3600,Forest
406,Pasture
687,PermanentCrop
746,SeaLake
663,Pasture
2501,SeaLake
2931,SeaLake
1221,SeaLake
4015,Industrial
1623,SeaLake
3968,Forest
288,AnnualCrop
4101,SeaLake
518,SeaLake
1990,AnnualCrop
1551,Pasture
1915,Pasture
3196,SeaLake
2755,HerbaceousVegetation
1964,HerbaceousVegetation
1842,Forest
2524,SeaLake
3716,SeaLake
921,SeaLake
413,HerbaceousVegetation
1601,Forest
552,AnnualCrop
1523,Forest
3948,SeaLake
776,Highway
2048,HerbaceousVegetation
2364,SeaLake
3401,Pasture
88,Forest
739,AnnualCrop
3071,SeaLake
1130,Pasture
2063,Industrial
215,Forest
73,SeaLake
942,HerbaceousVegetation
2654,SeaLake
1432,HerbaceousVegetation
4186,AnnualCrop
998,AnnualCrop
1724,Highway
1532,SeaLake
1421,HerbaceousVegetation
2404,AnnualCrop
458,AnnualCrop
395,Highway
609,Forest
1422,AnnualCrop
2894,Highway
1175,AnnualCrop
97,River
2334,PermanentCrop
3622,Pasture
3247,HerbaceousVegetation
189,SeaLake
1802,Residential
3970,Residential
4161,HerbaceousVegetation
3826,Forest
1327,River
3640,Residential
278,HerbaceousVegetation
1737,Forest
2832,Pasture
2545,Pasture
3601,AnnualCrop
2963,Forest
1735,AnnualCrop
1536,Pasture
2439,Pasture
4118,River
1527,Pasture
654,PermanentCrop
2090,River
2186,PermanentCrop
2631,SeaLake
2087,Highway
1923,SeaLake
703,HerbaceousVegetation
4219,Pasture
2821,Pasture
704,Pasture
2716,HerbaceousVegetation
3074,Residential
2475,Highway
2772,AnnualCrop
2703,SeaLake
3538,SeaLake
1810,SeaLake
2752,Highway
4070,AnnualCrop
1752,Industrial
2814,Pasture
4085,SeaLake
860,SeaLake
3615,Pasture
1982,SeaLake
1722,AnnualCrop
1055,Pasture
1785,HerbaceousVegetation
783,HerbaceousVegetation
1779,Highway
3911,Residential
2246,SeaLake
3182,Industrial
1844,PermanentCrop
1321,SeaLake
4134,Residential
1959,River
2088,SeaLake
726,SeaLake
1784,Highway
3580,Pasture
1629,SeaLake
3157,HerbaceousVegetation
357,SeaLake
3345,AnnualCrop
2309,AnnualCrop
431,HerbaceousVegetation
1775,SeaLake
1300,Highway
2750,Pasture
906,Pasture
795,PermanentCrop
3891,Forest
3623,AnnualCrop
3239,SeaLake
3526,River
3030,SeaLake
4139,Highway
2830,River
2507,Pasture
2498,SeaLake
404,SeaLake
645,Residential
1331,SeaLake
358,SeaLake
1898,HerbaceousVegetation
2976,River
2842,River
1968,SeaLake
2548,SeaLake
3185,Forest
1943,SeaLake
335,Forest
1935,PermanentCrop
2788,Highway
3484,River
1115,Forest
2456,SeaLake
2534,SeaLake
3206,River
3965,SeaLake
2723,Industrial
889,SeaLake
1255,Forest
1349,SeaLake
4119,SeaLake
127,AnnualCrop
1265,River
2026,SeaLake
2576,Highway
1047,SeaLake
1121,River
947,Pasture
2812,SeaLake
3161,Residential
284,AnnualCrop
3180,SeaLake
494,Forest
1966,Residential
2927,Forest
519,AnnualCrop
2287,Forest
4116,AnnualCrop
2098,AnnualCrop
824,SeaLake
1892,Forest
1295,Highway
3846,SeaLake
537,SeaLake
3064,AnnualCrop
3444,Pasture
170,River
4075,SeaLake
86,SeaLake
2674,SeaLake
3835,SeaLake
1806,Highway
662,HerbaceousVegetation
3437,Forest
229,Highway
781,Forest
1634,AnnualCrop
2981,Residential
2858,Forest
1653,Industrial
2598,AnnualCrop
3075,Pasture
1501,Pasture
40,Forest
707,PermanentCrop
1447,Highway
3015,AnnualCrop
3326,Highway
3184,Highway
3793,Forest
1872,Forest
3317,Industrial
2847,AnnualCrop
3751,SeaLake
1776,HerbaceousVegetation
4191,HerbaceousVegetation
1545,SeaLake
885,Pasture
3712,AnnualCrop
4014,SeaLake
1834,Residential
2276,Pasture
2430,PermanentCrop
4051,HerbaceousVegetation
1415,AnnualCrop
564,Residential
3440,Highway
2397,SeaLake
4065,SeaLake
890,Residential
1206,Highway
2781,Forest
1203,HerbaceousVegetation
3816,Forest
2391,Forest
198,AnnualCrop
3906,Pasture
646,AnnualCrop
994,SeaLake
1159,HerbaceousVegetation
3727,Industrial
1688,River
1570,SeaLake
2950,AnnualCrop
3066,PermanentCrop
3654,Forest
1652,SeaLake
163,Highway
60,Forest
3714,SeaLake
3052,Pasture
2189,SeaLake
2267,Pasture
2163,AnnualCrop
2695,AnnualCrop
2757,Highway
3937,Industrial
2747,Highway
2420,Industrial
276,SeaLake
3105,Pasture
2924,Forest
1707,Industrial
4229,River
349,SeaLake
1846,Industrial
946,Forest
581,HerbaceousVegetation
179,SeaLake
1173,Pasture
3276,SeaLake
194,SeaLake
3690,SeaLake
1680,SeaLake
1574,Highway
418,Forest
1086,AnnualCrop
3610,SeaLake
1154,Forest
2096,Highway
2944,SeaLake
3797,HerbaceousVegetation
1209,Pasture
2754,Forest
1286,River
2340,Industrial
2914,Forest
1725,Pasture
141,SeaLake
2079,SeaLake
2866,Highway
4002,River
1648,Industrial
2295,Pasture
2684,SeaLake
3843,Residential
1328,Residential
2668,Forest
2628,SeaLake
2926,Pasture
3515,SeaLake
2415,Industrial
249,Pasture
1754,Forest
1733,HerbaceousVegetation
2833,SeaLake
145,Highway
1397,Highway
3101,River
1548,Industrial
2009,SeaLake
3500,PermanentCrop
172,Pasture
780,Pasture
1956,SeaLake
331,Pasture
3392,Industrial
1909,SeaLake
3114,Highway
71,Pasture
1344,Highway
3202,Forest
1314,Forest
1978,HerbaceousVegetation
3176,HerbaceousVegetation
622,Highway
2020,Forest
1477,Highway
3525,SeaLake
2973,AnnualCrop
1996,Industrial
2116,River
1783,PermanentCrop
2138,Industrial
2024,Forest
1224,River
1041,SeaLake
638,HerbaceousVegetation
1610,River
1706,AnnualCrop
3336,Forest
1933,SeaLake
3109,Industrial
3725,Highway
422,Industrial
2052,Forest
434,Industrial
1125,Industrial
3356,Industrial
381,Highway
633,AnnualCrop
3742,Residential
4127,SeaLake
1168,Highway
2263,Pasture
602,Residential
966,SeaLake
3246,Highway
3413,Forest
4011,Forest
4086,Industrial
600,SeaLake
1252,Forest
3996,Forest
3063,River
3293,SeaLake
991,SeaLake
1726,Highway
2401,SeaLake
3349,Forest
1474,Pasture
308,PermanentCrop
3332,Pasture
2862,SeaLake
1207,PermanentCrop
2104,SeaLake
2235,Pasture
2902,PermanentCrop
1442,HerbaceousVegetation
167,Pasture
2818,Industrial
3108,Forest
749,Highway
858,Industrial
1710,River
862,Highway
2288,Highway
2035,PermanentCrop
698,Highway
3753,PermanentCrop
1600,Forest
728,SeaLake
2056,Residential
3962,Highway
2952,River
3684,Forest
4110,SeaLake
124,Pasture
3328,PermanentCrop
4180,Highway
2283,Forest
1911,Pasture
502,Forest
287,Forest
2001,Highway
3800,Highway
1388,PermanentCrop
2683,Forest
1937,SeaLake
4009,SeaLake
1777,River
2759,SeaLake
3127,Forest
734,AnnualCrop
1950,Highway
3739,Pasture
3828,River
3245,SeaLake
3343,Pasture
4200,Forest
611,Pasture
2293,HerbaceousVegetation
1034,SeaLake
1378,AnnualCrop
2465,Industrial
2265,PermanentCrop
3085,Highway
191,Industrial
2997,Residential
3262,SeaLake
3704,SeaLake
2509,SeaLake
3512,SeaLake
2059,PermanentCrop
282,River
3680,Highway
154,Highway
2687,Residential
3016,Residential
3768,Forest
1886,Pasture
15,Forest
449,Highway
1217,SeaLake
155,SeaLake
1366,HerbaceousVegetation
2353,Highway
3120,SeaLake
886,Pasture
2406,Residential
1429,SeaLake
587,Pasture
760,PermanentCrop
2644,SeaLake
4032,River
2563,Forest
852,Pasture
2062,PermanentCrop
3527,SeaLake
3311,AnnualCrop
2403,SeaLake
309,SeaLake
1146,Industrial
239,Industrial
772,Pasture
1650,AnnualCrop
4157,Pasture
1398,Industrial
4036,HerbaceousVegetation
1901,PermanentCrop
978,SeaLake
664,Highway
4049,HerbaceousVegetation
3935,SeaLake
4058,SeaLake
1355,River
3138,Pasture
1179,Highway
2860,Pasture
1557,SeaLake
1797,PermanentCrop
1967,Highway
2688,Industrial
895,River
1287,AnnualCrop
3136,HerbaceousVegetation
3086,PermanentCrop
1490,PermanentCrop
113,HerbaceousVegetation
421,Forest
2113,Forest
636,SeaLake
1471,SeaLake
3223,Highway
4132,Highway
452,SeaLake
1390,Pasture
1782,Pasture
1045,Residential
3982,River
3034,Pasture
1126,Industrial
176,AnnualCrop
4016,Highway
2670,Highway
3889,HerbaceousVegetation
868,Forest
1719,Pasture
274,SeaLake
2277,Pasture
4000,SeaLake
1145,HerbaceousVegetation
2380,Industrial
3167,Pasture
3381,SeaLake
61,River
3652,Highway
2210,SeaLake
3234,PermanentCrop
533,Forest
1947,Industrial
647,PermanentCrop
415,Pasture
3004,Industrial
1713,SeaLake
3438,PermanentCrop
1587,Highway
3324,Highway
1469,SeaLake
4126,PermanentCrop
3281,SeaLake
2385,Forest
3195,SeaLake
999,SeaLake
2335,Pasture
1630,AnnualCrop
3747,AnnualCrop
460,Highway
908,HerbaceousVegetation
2173,Industrial
304,SeaLake
2857,Pasture
3541,SeaLake
2393,SeaLake
1642,SeaLake
3189,HerbaceousVegetation
2067,SeaLake
3711,Pasture
2146,Highway
1716,Pasture
2664,PermanentCrop
1480,Forest
2132,SeaLake
2424,Highway
1647,Pasture
511,SeaLake
3379,Forest
3819,AnnualCrop
3410,SeaLake
3858,SeaLake
2060,Pasture
1413,Pasture
3890,Pasture
3775,HerbaceousVegetation
3544,Pasture
3691,SeaLake
2151,SeaLake
4094,Highway
1082,HerbaceousVegetation
3694,Residential
851,Industrial
2322,SeaLake
1543,AnnualCrop
3459,HerbaceousVegetation
1112,Pasture
13,Residential
4144,AnnualCrop
375,Highway
3455,Pasture
2851,SeaLake
3128,Pasture
348,Residential
2051,River
1656,SeaLake
4176,Residential
3553,SeaLake
3627,PermanentCrop
1890,HerbaceousVegetation
2488,SeaLake
2140,Forest
997,Highway
3547,Forest
820,Highway
3681,Highway
1705,SeaLake
1012,Industrial
2835,River
1178,Highway
3674,SeaLake
2177,HerbaceousVegetation
14,Forest
719,Pasture
103,Residential
2086,AnnualCrop
1869,Forest
232,Forest
464,AnnualCrop
437,River
1403,Industrial
1478,Pasture
3523,SeaLake
1464,HerbaceousVegetation
1889,SeaLake
2745,Industrial
2117,Highway
961,Highway
4168,SeaLake
3330,Pasture
268,River
2749,Highway
640,Highway
16,SeaLake
3559,Highway
2937,Industrial
96,River
2409,Pasture
697,Pasture
3178,HerbaceousVegetation
632,Highway
1193,Pasture
1571,Highway
2712,AnnualCrop
1617,PermanentCrop
1941,SeaLake
2700,AnnualCrop
3675,SeaLake
3388,PermanentCrop
3572,SeaLake
1423,SeaLake
2354,Pasture
3741,HerbaceousVegetation
3098,SeaLake
829,SeaLake
1747,Forest
2065,SeaLake
677,PermanentCrop
295,HerbaceousVegetation
3946,Industrial
1972,PermanentCrop
2969,Forest
1236,Pasture
1635,River
1197,SeaLake
27,HerbaceousVegetation
1133,Forest
3399,HerbaceousVegetation
3731,AnnualCrop
4020,SeaLake
1389,Highway
3866,Highway
651,Pasture
3461,Industrial
2595,SeaLake
1273,Industrial
2137,Pasture
1260,Forest
1554,Pasture
1293,SeaLake
3665,SeaLake
1748,Pasture
143,SeaLake
606,SeaLake
2705,Residential
2785,SeaLake
2600,AnnualCrop
1895,Pasture
1079,Industrial
2069,River
1279,SeaLake
1439,Industrial
482,River
1585,Residential
2450,Forest
1926,Industrial
3659,Industrial
3602,SeaLake
1588,SeaLake
1348,AnnualCrop
76,AnnualCrop
686,AnnualCrop
151,Pasture
2553,River
756,SeaLake
4030,River
853,SeaLake
1241,SeaLake
3265,Pasture
3462,Highway
2694,Highway
2620,Highway
953,AnnualCrop
3820,AnnualCrop
2381,Highway
1226,Highway
1386,PermanentCrop
3813,Highway
2327,AnnualCrop
1213,Industrial
2392,PermanentCrop
1880,Forest
3510,SeaLake
2768,SeaLake
3342,SeaLake
477,Highway
1874,AnnualCrop
531,SeaLake
816,SeaLake
1325,Industrial
1014,Industrial
4141,Forest
1928,Forest
3925,PermanentCrop
2995,AnnualCrop
1420,Industrial
1196,SeaLake
3945,HerbaceousVegetation
2799,River
2434,Highway
2738,Pasture
1612,Highway
2625,Pasture
3121,SeaLake
3593,Pasture
3838,PermanentCrop
3625,Forest
3169,Highway
1499,SeaLake
3495,SeaLake
3433,Pasture
279,SeaLake
1250,River
1222,SeaLake
3744,Industrial
1510,Highway
3670,Highway
2222,Industrial
432,AnnualCrop
765,HerbaceousVegetation
3688,AnnualCrop
2417,Industrial
2361,Highway
1411,SeaLake
4019,HerbaceousVegetation
2181,Residential
559,River
3254,Forest
2565,AnnualCrop
4064,SeaLake
1259,SeaLake
3028,SeaLake
419,Pasture
617,Pasture
2878,SeaLake
616,AnnualCrop
2252,Forest
2047,Highway
4160,AnnualCrop
516,Forest
2925,Industrial
471,SeaLake
578,HerbaceousVegetation
1862,Highway
2350,SeaLake
1673,Pasture
2549,Forest
3031,Pasture
300,SeaLake
3594,SeaLake
341,Forest
2766,Highway
2792,Highway
3100,SeaLake
3416,SeaLake
888,Highway
1744,SeaLake
2998,PermanentCrop
132,SeaLake
1850,Pasture
1284,River
693,Highway
2339,Forest
1805,Highway
2018,Industrial
28,HerbaceousVegetation
2550,River
586,PermanentCrop
1511,AnnualCrop
898,Highway
497,Pasture
389,Highway
3104,SeaLake
3194,Residential
2809,River
3619,Highway
3568,SeaLake
2693,SeaLake
1492,Residential
1407,Highway
174,Highway
2493,AnnualCrop
1821,AnnualCrop
1000,Highway
3092,SeaLake
2224,Pasture
872,Industrial
2019,Pasture
2564,SeaLake
1741,SeaLake
965,AnnualCrop
2989,Industrial
1815,Highway
1522,PermanentCrop
982,Pasture
1100,SeaLake
2282,Residential
1487,SeaLake
821,Industrial
3402,Forest
420,River
3987,AnnualCrop
1913,SeaLake
767,SeaLake
3237,SeaLake
396,SeaLake
46,Forest
423,PermanentCrop
1854,AnnualCrop
1936,AnnualCrop
1577,Forest
576,Industrial
265,Highway
4056,AnnualCrop
2405,Forest
2536,Highway
1131,SeaLake
2604,Pasture
1227,River
1678,AnnualCrop
4115,PermanentCrop
2589,SeaLake
3300,Forest
258,River
252,Industrial
1046,SeaLake
1050,SeaLake
142,AnnualCrop
1177,Forest
744,AnnualCrop
2496,Highway
1005,SeaLake
1983,SeaLake
2144,Industrial
794,Residential
4146,Highway
2660,Residential
104,AnnualCrop
541,River
1247,Pasture
2148,Residential
1651,HerbaceousVegetation
4107,SeaLake
1568,Industrial
2345,Highway
1108,SeaLake
3885,PermanentCrop
2584,Industrial
1473,Forest
1813,PermanentCrop
3501,Residential
3310,SeaLake
1763,PermanentCrop
294,HerbaceousVegetation
2481,HerbaceousVegetation
2603,River
2662,Highway
1195,Industrial
4042,Highway
2045,Forest
4189,SeaLake
1292,SeaLake
4130,SeaLake
253,Forest
3569,River
782,SeaLake
540,River
3870,Forest
2951,HerbaceousVegetation
3880,AnnualCrop
3405,SeaLake
913,Industrial
742,SeaLake
673,Forest
3005,Forest
1099,Forest
506,SeaLake
2890,Forest
302,AnnualCrop
1637,AnnualCrop
337,Highway
230,SeaLake
1731,PermanentCrop
2437,PermanentCrop
428,Highway
2200,Residential
3115,SeaLake
1700,Industrial
2544,Residential
1482,SeaLake
3027,SeaLake
2533,SeaLake
2903,SeaLake
877,Highway
558,AnnualCrop
1251,Industrial
1853,Highway
2874,Industrial
3667,Industrial
1861,SeaLake
3998,Industrial
2515,Highway
3050,HerbaceousVegetation
2797,Highway
402,HerbaceousVegetation
3309,HerbaceousVegetation
731,AnnualCrop
1845,Highway
2492,River
3847,Residential
1940,Highway
3449,River
2596,Forest
1360,HerbaceousVegetation
865,SeaLake
2956,Pasture
2446,PermanentCrop
1033,SeaLake
1858,AnnualCrop
3992,AnnualCrop
933,PermanentCrop
1556,Forest
2046,SeaLake
1925,SeaLake
3390,Pasture
2365,HerbaceousVegetation
543,Highway
3365,Pasture
2050,River
316,Highway
1594,SeaLake
1682,SeaLake
1830,Highway
3425,Pasture
2494,Forest
2271,SeaLake
3344,Pasture
456,SeaLake
629,SeaLake
1,Highway
457,Industrial
31,AnnualCrop
1736,Industrial
750,SeaLake
3555,Forest
2017,Pasture
3378,Pasture
883,HerbaceousVegetation
1138,SeaLake
3856,Industrial
715,SeaLake
1762,AnnualCrop
1048,Pasture
2006,AnnualCrop
3802,AnnualCrop
3422,AnnualCrop
34,AnnualCrop
3069,Industrial
2170,Highway
4143,Forest
492,AnnualCrop
3789,Pasture
3159,PermanentCrop
2732,Industrial
3548,Pasture
3135,Pasture
3861,AnnualCrop
1373,Highway
1534,Pasture
1204,SeaLake
3524,Pasture
2734,River
3076,SeaLake
2324,River
3097,Residential
2959,SeaLake
3732,SeaLake
2954,Forest
983,HerbaceousVegetation
521,PermanentCrop
2806,HerbaceousVegetation
936,AnnualCrop
3865,Pasture
2964,Pasture
864,Pasture
2106,AnnualCrop
529,HerbaceousVegetation
1306,Forest
1435,Pasture
2617,Highway
538,Highway
4060,Highway
4059,SeaLake
2386,Pasture
364,River
260,PermanentCrop
390,Highway
4077,SeaLake
1157,River
2741,HerbaceousVegetation
2996,SeaLake
2987,SeaLake
4054,HerbaceousVegetation
292,SeaLake
3963,SeaLake
1961,AnnualCrop
619,Pasture
270,SeaLake
429,Industrial
1141,SeaLake
10,SeaLake
574,Highway
447,SeaLake
1083,Forest
566,PermanentCrop
3809,SeaLake
3221,SeaLake
1015,SeaLake
453,Pasture
1702,Forest
3318,SeaLake
2796,PermanentCrop
1457,Forest
867,SeaLake
250,SeaLake
3269,River
1129,Residential
849,Residential
1849,Highway
275,River
2763,River
2131,PermanentCrop
1205,Forest
3734,SeaLake
2221,SeaLake
1599,PermanentCrop
1986,HerbaceousVegetation
193,Residential
3429,Highway
1449,Forest
3760,AnnualCrop
3923,SeaLake
467,Pasture
3873,PermanentCrop
1709,HerbaceousVegetation
3827,Highway
2881,AnnualCrop
2655,HerbaceousVegetation
3770,Industrial
3065,Pasture
3543,Highway
3730,PermanentCrop
2955,Residential
2236,PermanentCrop
216,SeaLake
3584,Industrial
3917,Forest
1727,River
846,SeaLake
3595,SeaLake
2089,Forest
3991,PermanentCrop
2474,SeaLake
3203,SeaLake
3807,Forest
3372,Pasture
2961,Forest
2891,SeaLake
2351,Highway
3591,Residential
1683,AnnualCrop
800,Pasture
2025,River
4228,PermanentCrop
1091,Highway
3798,SeaLake
1375,AnnualCrop
779,Industrial
668,AnnualCrop
148,AnnualCrop
3313,PermanentCrop
226,SeaLake
3391,Highway
2988,HerbaceousVegetation
499,SeaLake
3673,Highway
1708,SeaLake
3766,AnnualCrop
681,SeaLake
1811,Industrial
3898,Industrial
1140,AnnualCrop
3156,Pasture
924,AnnualCrop
3823,Industrial
904,Forest
3272,HerbaceousVegetation
945,Industrial
3041,AnnualCrop
4211,AnnualCrop
4164,PermanentCrop
1944,Highway
2134,Highway
1564,River
2103,Highway
591,Industrial
1720,River
3295,Pasture
670,Residential
3645,HerbaceousVegetation
2314,HerbaceousVegetation
1461,Highway
2678,Highway
3204,PermanentCrop
1807,HerbaceousVegetation
223,HerbaceousVegetation
3840,SeaLake
1479,Highway
54,Industrial
3848,Industrial
2289,AnnualCrop
3394,AnnualCrop
3805,SeaLake
3307,Forest
2715,AnnualCrop
3903,Pasture
3575,Industrial
1794,River
2112,SeaLake
79,SeaLake
3852,SeaLake
2299,PermanentCrop
3644,River
3480,PermanentCrop
1701,PermanentCrop
2965,Residential
2898,Pasture
2736,SeaLake
3758,AnnualCrop
3718,SeaLake
3375,Highway
4226,HerbaceousVegetation
3658,PermanentCrop
111,Pasture
3689,SeaLake
2622,PermanentCrop
2801,SeaLake
2912,SeaLake
2459,SeaLake
1454,SeaLake
3916,SeaLake
809,River
1367,AnnualCrop
233,Industrial
1955,HerbaceousVegetation
861,Forest
3811,River
1631,SeaLake
1405,Highway
1812,SeaLake
3605,Forest
2941,Highway
3497,SeaLake
1254,AnnualCrop
56,Industrial
1801,Pasture
3151,AnnualCrop
3450,PermanentCrop
3014,SeaLake
3862,SeaLake
4174,River
2249,SeaLake
2594,AnnualCrop
2865,PermanentCrop
3412,HerbaceousVegetation
297,SeaLake
41,Pasture
3975,Residential
3956,AnnualCrop
2442,Industrial
3407,Highway
2044,SeaLake
1376,Highway
526,PermanentCrop
2699,SeaLake
1768,PermanentCrop
930,Pasture
3899,AnnualCrop
411,Industrial
376,SeaLake
2502,HerbaceousVegetation
486,Pasture
550,Highway
2458,HerbaceousVegetation
3803,SeaLake
1723,PermanentCrop
1231,Highway
3693,SeaLake
2423,River
3879,Pasture
1232,SeaLake
3149,SeaLake
1681,Industrial
2880,Forest
1076,Forest
2217,HerbaceousVegetation
1818,AnnualCrop
3233,PermanentCrop
2135,Pasture
648,Pasture
290,Pasture
3475,PermanentCrop
1711,AnnualCrop
3238,Highway
2679,AnnualCrop
1382,Highway
2983,PermanentCrop
3,SeaLake
1520,SeaLake
3373,SeaLake
3213,SeaLake
2158,Pasture
2657,HerbaceousVegetation
3752,PermanentCrop
2784,Residential
3773,Residential
3666,AnnualCrop
3736,Industrial
1319,SeaLake
372,River
3709,Industrial
3403,Highway
778,HerbaceousVegetation
2665,SeaLake
2721,Pasture
722,Highway
2317,Highway
3834,Pasture
1481,SeaLake
3617,Forest
2176,Forest
1597,Forest
2913,HerbaceousVegetation
1847,Pasture
652,PermanentCrop
2813,Pasture
905,SeaLake
3845,Industrial
3706,HerbaceousVegetation
192,Residential
798,SeaLake
1948,AnnualCrop
3818,Highway
443,SeaLake
1097,SeaLake
2133,SeaLake
218,Forest
1620,Pasture
2531,Highway
1835,PermanentCrop
2227,SeaLake
2290,SeaLake
168,Highway
814,SeaLake
301,Industrial
4037,Highway
321,River
6,SeaLake
1113,HerbaceousVegetation
1514,River
3933,Highway
979,HerbaceousVegetation
1766,Pasture
2366,PermanentCrop
1016,HerbaceousVegetation
1385,AnnualCrop
1857,AnnualCrop
1291,Residential
2042,PermanentCrop
2521,Forest
1538,SeaLake
1535,SeaLake
3304,Forest
822,SeaLake
201,SeaLake
1998,AnnualCrop
1061,Pasture
2376,Pasture
2483,Highway
2922,AnnualCrop
1271,Pasture
3750,Industrial
